model,x,y,label
baseline,-47.098076,-8.985144,0
baseline,40.777348,5.772429,5
baseline,-25.802408,15.60805,2
baseline,27.932953,1.7678171,7
baseline,-21.94645,27.071516,6
baseline,-4.4691677,21.597588,2
baseline,-6.857602,13.425782,6
baseline,17.415274,-1.6408334,7
baseline,-3.5788205,-39.01777,3
baseline,10.747607,39.98894,8
baseline,19.275173,0.052950952,7
baseline,-11.454664,4.558417,4
baseline,-46.878532,-3.3231122,0
baseline,-15.174154,-5.2070093,3
baseline,-7.9055142,-4.5502887,4
baseline,-47.44411,-8.634029,0
baseline,31.723372,-18.356619,9
baseline,-2.5462148,-41.574394,1
baseline,-5.9927425,-8.093532,3
baseline,18.701012,4.008759,7
baseline,-40.184784,-11.076655,0
baseline,43.86973,7.0681615,5
baseline,-5.52112,30.79927,4
baseline,-16.877747,-12.323397,3
baseline,-20.289446,12.965323,2
baseline,-7.1787815,-49.21931,1
baseline,43.7099,8.86671,5
baseline,26.331797,-8.180929,7
baseline,-35.869778,1.495744,6
baseline,49.3109,1.8333715,5
baseline,-47.581097,-8.230793,0
baseline,-39.964195,-11.478688,0
baseline,54.80778,6.7734857,5
baseline,9.989112,44.640804,8
baseline,21.717323,33.60341,8
baseline,-29.353525,1.3783157,6
baseline,13.910689,46.73603,8
baseline,27.345648,-2.3330748,7
baseline,-8.921137,25.558775,2
baseline,-45.818825,-7.5931087,0
baseline,-16.3784,-12.137509,3
baseline,-28.19994,15.166013,2
baseline,50.378483,2.0041955,5
baseline,22.11817,36.323284,8
baseline,0.5802398,-42.504257,1
baseline,15.091548,31.90266,8
baseline,-24.266153,17.42595,2
baseline,17.842646,43.39464,8
baseline,-12.338935,0.07258807,3
baseline,-20.655455,4.9701004,2
baseline,-32.379704,-5.766085,6
baseline,-14.070604,-12.252308,3
baseline,-19.126585,-11.458737,0
baseline,-11.008164,28.205742,4
baseline,-42.512035,-5.905014,0
baseline,-20.09915,4.905795,2
baseline,14.5642185,46.28085,8
baseline,18.752745,5.056,7
baseline,26.335495,-12.800093,7
baseline,29.534939,-3.7779632,7
baseline,-3.4287658,-41.972485,1
baseline,-11.799166,-8.537705,3
baseline,27.383665,-11.011434,7
baseline,-15.868421,-12.168131,3
baseline,2.9929147,-50.283382,1
baseline,31.911167,-7.09902,7
baseline,-13.73171,26.054197,6
baseline,-14.723135,26.906452,4
baseline,39.45197,1.297981,5
baseline,-38.450752,-2.5578249,0
baseline,-6.8633475,-8.450413,3
baseline,-39.376274,-0.48667043,0
baseline,33.709267,-20.91918,9
baseline,-18.913664,-18.948704,3
baseline,-4.203755,-43.219135,1
baseline,-0.083891176,-51.535217,1
baseline,-12.770871,1.0443045,2
baseline,-17.19632,-16.00585,3
baseline,-12.551843,27.071632,4
baseline,-16.495676,-12.055779,3
baseline,-4.1350646,-47.616768,1
baseline,-15.422036,-10.409707,3
baseline,-21.106924,-18.306353,3
baseline,-7.0036497,11.148053,6
baseline,32.067177,-26.23326,9
baseline,37.817745,3.147619,5
baseline,-17.454031,31.894995,4
baseline,-4.679286,-42.409573,1
baseline,-3.0285068,-48.87135,1
baseline,-20.036596,11.188219,6
baseline,-6.7276034,28.719814,4
baseline,37.56858,-25.624811,9
baseline,-9.351575,5.060651,4
baseline,-19.435938,25.812744,4
baseline,-9.759236,-10.656034,3
baseline,-34.779484,0.34593207,6
baseline,-3.9341092,-45.218006,1
baseline,-10.857173,14.489041,6
baseline,-23.597008,16.672531,2
baseline,16.826504,39.086388,8
baseline,31.917543,-15.879488,9
baseline,27.970835,-2.0325096,7
baseline,-25.565855,23.342344,2
baseline,-14.673327,29.034431,4
baseline,-18.251123,-10.524277,3
baseline,29.601189,-19.190933,9
baseline,13.844649,32.550148,8
baseline,-21.200453,24.014196,2
baseline,-26.977726,14.550676,2
baseline,28.502207,1.1110837,7
baseline,-44.362053,-7.563314,0
baseline,-20.895004,11.120021,2
baseline,-2.4282327,-50.235893,1
baseline,33.018517,-18.560476,9
baseline,34.717884,-23.209475,9
baseline,24.47353,-0.64976424,7
baseline,31.554365,-31.128359,9
baseline,-3.755903,-50.191677,1
baseline,33.506546,-21.168203,9
baseline,-27.574387,24.522707,2
baseline,34.66019,-27.422054,9
baseline,-12.337069,-8.25581,3
baseline,19.2657,35.28979,8
baseline,18.192125,33.485554,8
baseline,21.237719,2.0162878,7
baseline,28.749973,-10.536707,7
baseline,-5.000539,17.610357,2
baseline,-6.3047333,-15.176372,3
baseline,-36.89462,-9.661109,6
baseline,-19.79515,-7.357444,3
baseline,-8.131262,21.67386,4
baseline,-37.78391,-12.498072,6
baseline,48.382156,6.1645494,5
baseline,-40.627163,-9.899345,0
baseline,-4.571213,30.848724,3
baseline,19.99165,7.1943974,7
baseline,-35.109825,-5.9493165,0
baseline,-28.829517,-6.6369596,6
baseline,-8.7353115,23.510561,2
baseline,35.75291,7.521784,5
baseline,-32.983906,-9.030556,0
baseline,-38.726475,-6.1151075,0
baseline,-28.446775,17.718147,2
baseline,-42.345924,-11.033268,0
baseline,-42.597126,-6.458219,0
baseline,-18.457785,18.93315,6
baseline,-17.56066,21.616686,6
baseline,31.083866,-14.996602,9
baseline,-3.5359507,-3.7720141,4
baseline,-12.020004,27.951109,4
baseline,-31.20464,-1.0551281,0
baseline,22.827297,7.648141,7
baseline,-35.403732,-3.4589114,0
baseline,33.06718,-33.935055,9
baseline,-6.826879,24.394554,2
baseline,-35.935665,-6.0151067,6
baseline,-4.9165845,22.351976,2
baseline,13.179121,34.600662,8
baseline,8.729072,41.3713,8
baseline,43.21789,2.2115521,5
baseline,-6.1947675,0.6141336,4
baseline,-25.545534,12.471485,6
baseline,43.931755,1.7235861,5
baseline,40.420643,4.920601,5
baseline,11.594604,46.972145,8
baseline,-1.7441213,-40.21096,1
baseline,-5.813747,-4.4412894,4
baseline,-7.498056,-46.73764,1
baseline,-5.7249436,7.3781853,6
baseline,-41.51874,-8.769424,0
baseline,-11.283751,25.210094,4
baseline,-26.012373,17.030111,2
baseline,-46.825607,-5.558546,0
baseline,17.608654,-1.1457494,7
baseline,23.67383,2.5408263,7
baseline,43.51117,11.579672,5
baseline,-16.62155,32.16612,4
baseline,-10.679489,29.97083,4
baseline,-22.181591,19.621653,2
baseline,22.217733,7.755378,5
baseline,34.4476,-31.319368,9
baseline,-38.79451,1.1938895,6
baseline,28.573442,-4.9340067,7
baseline,14.487035,33.779404,8
baseline,-7.624769,-10.644044,3
baseline,-8.510748,0.027881289,8
baseline,-11.163798,22.77812,2
baseline,-6.147525,-3.6543255,3
baseline,-9.468731,20.749329,2
baseline,-11.024982,-40.161243,1
baseline,29.930336,-20.157188,9
baseline,16.655413,46.077995,8
baseline,4.4027624,-42.353916,1
baseline,18.521149,1.5488659,7
baseline,24.2787,3.0099976,7
baseline,-2.4576237,-52.687286,1
baseline,-5.5702806,-42.277977,1
baseline,0.8007441,-46.256092,1
baseline,32.49645,-14.973815,9
baseline,45.3247,2.5203114,5
baseline,0.13522801,-53.16717,1
baseline,-20.39813,7.7025447,3
baseline,29.568335,-6.1104846,7
baseline,-9.105463,-2.329288,4
baseline,-6.7418036,4.5599566,4
baseline,-12.730118,-0.97614306,2
baseline,18.314457,31.60642,8
baseline,-1.4445578,-46.052322,1
baseline,22.502682,0.34612805,7
baseline,18.4265,3.1277063,7
baseline,-13.321723,28.302406,4
baseline,-4.5436983,-47.340157,1
baseline,-26.174395,16.047417,2
baseline,-4.3375053,1.9386203,4
baseline,-29.788292,2.1719296,6
baseline,-5.527782,-12.846954,2
baseline,-42.365368,-10.543665,0
baseline,-44.54186,-11.404218,0
baseline,-9.91892,5.178581,4
baseline,15.755972,45.41126,8
baseline,-17.547735,-11.788175,3
baseline,-17.311352,24.759281,2
baseline,-8.860224,-1.7493467,4
baseline,16.452868,5.213333,7
baseline,17.986925,35.810856,8
baseline,35.697083,7.3067827,5
baseline,-23.163883,21.924421,6
baseline,-13.312899,-5.1817846,6
baseline,-5.593448,-10.812775,3
baseline,32.046074,-9.755472,7
baseline,-1.0464582,-48.620247,1
baseline,-19.982744,30.355692,6
baseline,31.306581,-24.104818,9
baseline,38.65293,1.8478787,5
baseline,0.6861023,-46.631184,1
baseline,-7.3928676,22.543282,2
baseline,-0.68033916,-48.602554,1
baseline,19.66424,35.45165,8
baseline,-13.335209,26.633598,4
baseline,-22.559628,-20.67541,3
baseline,-9.419819,17.438625,6
baseline,41.642773,6.571917,5
baseline,-25.982586,17.059452,2
baseline,-12.705194,27.07885,4
baseline,-18.44062,21.32221,4
baseline,14.375707,48.168465,8
baseline,47.843678,3.7338424,5
baseline,43.44178,1.2498429,5
baseline,-28.484484,-8.598959,0
baseline,29.783161,-11.300283,7
baseline,-11.070497,-2.7533598,3
baseline,27.403376,-4.0207734,7
baseline,29.504803,-7.752828,7
baseline,-10.035091,20.647318,4
baseline,24.598513,3.342198,7
baseline,16.546139,1.840488,7
baseline,-34.462563,-1.9507471,0
baseline,33.781147,-11.962656,7
baseline,-21.42204,28.112091,4
baseline,18.77125,6.3774533,7
baseline,-5.815685,-14.280585,3
baseline,-23.729439,1.8760192,0
baseline,29.36897,-2.409177,7
baseline,40.75157,7.450105,5
baseline,-12.402877,1.3289202,6
baseline,19.161898,0.34734914,7
baseline,16.716267,38.51821,8
baseline,15.505946,30.201221,6
baseline,-30.422709,-6.74202,2
baseline,-2.6582801,-51.8864,1
baseline,36.85191,-11.933855,9
baseline,9.962147,41.039562,8
baseline,-23.302998,1.65847,0
baseline,50.107,6.3139334,5
baseline,13.446324,45.35587,8
baseline,33.266514,-24.118908,9
baseline,-15.04637,-8.406456,1
baseline,-29.888494,2.2570097,6
baseline,-7.808998,22.833897,2
baseline,-47.814766,-7.406157,0
baseline,-10.532949,-40.05888,1
baseline,-3.2764308,-38.10027,1
baseline,21.112234,37.73564,8
baseline,-22.005829,-18.62511,3
baseline,34.185745,-29.640688,9
baseline,-19.235552,18.982882,6
baseline,30.28288,-11.412287,7
baseline,-25.516129,25.313927,6
baseline,32.20117,-25.603327,9
baseline,-11.175158,-3.0339854,3
baseline,-28.35118,1.3892037,6
baseline,-15.411312,-15.559108,3
baseline,-10.629706,24.892448,4
baseline,29.907663,-18.2655,9
baseline,-25.777388,18.439938,2
baseline,16.602692,2.674321,7
baseline,-35.110058,-2.2929473,0
baseline,-6.763059,1.789681,4
baseline,30.549377,-30.838732,9
baseline,21.312723,-2.8992538,7
baseline,-17.563576,13.3872795,6
baseline,-17.257736,-10.162,3
baseline,-10.156764,8.888863,6
baseline,-18.079367,-20.581457,3
baseline,-36.797268,-10.532538,0
baseline,-10.174494,30.146732,4
baseline,15.303158,48.96111,8
baseline,-37.543056,1.2947019,6
baseline,2.6762264,-47.122345,1
baseline,-7.6913915,-8.991568,3
baseline,42.896988,7.8439713,5
baseline,-20.9237,-12.814898,3
baseline,-19.703775,3.496106,0
baseline,-36.5913,-3.419176,6
baseline,-7.907508,-45.260265,1
baseline,19.51597,37.239002,8
baseline,-23.200502,13.87561,2
baseline,-46.351772,-5.109389,0
baseline,12.582947,48.99132,0
baseline,-10.659467,28.204891,4
baseline,50.41554,4.8017673,5
baseline,-11.502507,22.395723,2
baseline,-38.097393,-1.5395144,0
baseline,27.269016,-11.020458,7
baseline,19.01856,1.5170152,7
baseline,-9.835975,13.786486,6
baseline,-40.172867,-6.0426083,6
baseline,-7.900481,15.381378,6
baseline,15.872299,35.81923,8
baseline,-36.888798,-7.8561845,6
baseline,-18.021126,27.339863,4
baseline,-41.475975,-7.3969398,0
baseline,-26.163681,-2.833523,0
baseline,-7.8107414,15.412452,6
baseline,-26.158546,-7.813189,3
baseline,29.71294,-19.02136,7
baseline,28.129164,2.8117836,5
baseline,-9.882725,12.918177,6
baseline,-12.37176,-1.0511644,6
baseline,3.281687,-46.1162,1
baseline,-6.8585277,-4.4206166,4
baseline,18.136972,2.690905,7
baseline,-7.003068,-4.875072,4
baseline,-20.75994,25.054113,2
baseline,32.261635,-9.767775,7
baseline,15.27318,49.317165,8
baseline,-11.336402,-39.430836,1
baseline,-22.860565,-11.989988,0
baseline,36.35091,-34.750706,9
baseline,20.528225,33.00996,8
baseline,35.855446,-32.20124,9
baseline,-24.657429,20.96332,2
baseline,39.979313,4.9468646,5
baseline,36.190643,-29.592337,9
baseline,-6.413958,0.96141386,4
baseline,-9.77695,11.666816,6
baseline,-0.7100474,-42.65652,1
baseline,49.11331,6.8755717,5
baseline,-7.2442536,-14.397749,3
baseline,34.070644,-32.83726,9
baseline,17.469198,42.588707,8
baseline,29.311974,-4.6603885,7
baseline,37.50658,-32.70111,9
baseline,-19.811337,23.87002,6
baseline,26.622057,3.6547503,5
baseline,-30.218967,-2.3423152,0
baseline,-23.515594,7.335969,2
baseline,-20.795198,-12.942383,3
baseline,-10.430507,24.092566,2
baseline,-27.42853,-8.886055,0
baseline,15.335725,41.527973,8
baseline,17.928846,5.0487185,7
baseline,30.584688,-18.678722,9
baseline,47.675674,8.26332,5
baseline,-12.38852,10.736182,6
baseline,31.811506,-12.09638,7
baseline,33.770264,-25.252825,9
baseline,-29.474897,1.1232083,6
baseline,24.208767,-3.045448,7
baseline,-24.850113,23.225065,6
baseline,-43.31924,-8.07912,0
baseline,-14.969526,20.892984,2
baseline,12.251041,39.587536,8
baseline,-20.857466,19.4161,2
baseline,20.472425,35.730934,8
baseline,38.863728,-25.127527,5
baseline,-7.225034,3.6948717,4
baseline,32.724228,-9.1817875,7
baseline,-41.528786,-1.6665375,6
baseline,-4.555897,23.44967,2
baseline,43.463806,-1.9518601,5
baseline,-41.32241,-6.1564627,0
baseline,-2.1223984,-46.133232,1
baseline,16.087076,45.355362,8
baseline,-43.155064,-7.6849847,0
baseline,34.52774,-17.50008,9
baseline,-7.6867666,19.742916,6
baseline,-11.345562,11.885418,6
baseline,-24.82641,19.815813,6
baseline,37.11194,-23.222855,9
baseline,-9.967942,18.844057,4
baseline,16.579393,-0.2772069,7
baseline,-11.047198,4.3313084,4
baseline,-25.376904,-8.644237,3
baseline,-9.049041,-2.9912493,3
baseline,34.01147,-20.464935,9
baseline,-5.6816726,-43.369396,1
baseline,30.830801,-31.325184,9
baseline,-35.923717,-5.954246,0
baseline,-7.77938,30.302744,4
baseline,22.171452,4.901228,7
baseline,-6.926666,3.631117,6
baseline,-7.518499,-10.168295,3
baseline,-17.154743,25.88043,4
baseline,38.670147,1.2042272,5
baseline,-18.450682,24.46883,2
baseline,-1.3819752,-40.43818,1
baseline,-27.738918,18.662779,2
baseline,-4.6931815,-3.7237303,4
baseline,-8.166053,17.566854,6
baseline,-12.19724,15.037197,6
baseline,-13.771454,-6.8264303,4
baseline,39.926525,-28.572826,9
baseline,-9.964996,-2.2779117,4
baseline,-47.195133,-10.46985,0
baseline,-35.77832,-0.26798677,6
baseline,2.9928727,-49.42451,1
baseline,17.410557,33.48806,8
baseline,-6.1361127,-8.443732,3
baseline,35.827065,-30.407986,9
baseline,32.218952,-21.421047,9
baseline,10.433666,39.94957,8
baseline,3.3468118,-41.19924,1
baseline,-6.2893558,-9.179512,3
baseline,-35.68358,-8.384064,0
baseline,39.591797,8.645515,5
baseline,-30.565027,-2.94172,0
baseline,30.223293,-9.650481,7
baseline,12.535478,40.319244,8
baseline,21.46552,3.6628003,7
baseline,39.74945,-26.705458,9
baseline,-6.942057,32.258053,4
baseline,12.916992,47.91065,8
baseline,-37.66996,1.1369091,6
baseline,34.513645,-25.694937,9
baseline,-11.5026455,16.292007,6
baseline,20.405386,-2.1126888,7
baseline,38.46795,-31.577875,9
baseline,-4.829471,24.634113,2
baseline,36.356655,-34.75235,9
baseline,-7.2403245,-46.895626,1
baseline,-37.13724,-6.229604,0
baseline,44.680927,6.355355,5
baseline,-18.32636,15.564887,2
baseline,4.4924664,-42.308605,1
baseline,-36.11337,-4.2700453,6
baseline,35.76393,-25.487125,9
baseline,25.98536,-0.4274315,5
baseline,-6.1104693,-6.294399,4
baseline,37.46615,-27.21907,9
baseline,-10.363974,-10.46709,3
baseline,-14.5639715,-16.740055,3
baseline,-19.696081,-17.989388,3
baseline,43.34565,1.5643398,5
baseline,36.640366,-31.90357,9
baseline,-11.012929,-10.693164,3
baseline,30.812397,-22.388077,9
baseline,-24.600018,20.705173,6
baseline,14.264831,46.55556,8
baseline,14.671481,45.29025,8
baseline,22.615253,36.312153,8
baseline,19.797894,34.023968,8
baseline,41.706146,8.514206,5
baseline,22.856886,-2.1639004,7
baseline,40.808647,0.7379925,5
baseline,-26.345339,21.345839,6
baseline,-22.617153,8.965795,2
baseline,-43.898872,-4.7311425,0
baseline,-41.151943,-5.674039,0
baseline,16.704533,33.370926,8
baseline,-47.145172,-5.7488556,0
baseline,-37.517864,-4.939647,6
baseline,-21.233513,3.602254,6
baseline,-35.817177,-10.258814,0
baseline,38.66596,-30.18135,9
baseline,-5.4203973,25.848461,2
baseline,-36.5985,-3.4752827,2
baseline,53.783234,4.811523,5
baseline,-7.5074024,10.924026,6
baseline,31.57455,-21.415915,9
baseline,-7.087409,23.255905,2
baseline,-7.901101,32.488113,4
baseline,21.829447,4.279643,7
baseline,21.562344,3.3578084,7
baseline,36.882805,3.5193117,5
baseline,21.553995,-3.6266155,7
baseline,-0.44740686,-44.62493,1
baseline,-5.9034014,22.291424,2
baseline,-17.028944,-19.797342,3
baseline,-3.5320563,-44.227234,1
baseline,-3.5559402,-50.79302,1
baseline,-36.84383,-8.532419,0
baseline,-6.2242765,-15.538985,3
baseline,-11.317612,28.640371,2
baseline,-17.945782,16.735035,2
baseline,21.601532,-3.126727,7
baseline,35.052414,-28.265245,9
baseline,-31.498985,-9.577329,0
baseline,33.29914,-19.774126,9
baseline,29.694494,-9.740683,7
baseline,-24.527163,-1.9525145,6
baseline,19.996204,1.0202982,7
baseline,44.40079,8.373842,5
baseline,-10.769058,10.314302,4
baseline,-26.720182,17.13298,2
baseline,24.741735,5.207067,7
baseline,-6.6543975,-1.3531842,4
baseline,9.2837715,41.73914,8
baseline,-1.4901716,-52.87621,1
baseline,-45.110462,-6.897319,0
baseline,19.951189,34.270054,8
baseline,-27.91562,-1.5657592,6
baseline,23.225712,2.1678693,7
baseline,31.331387,-24.249691,9
baseline,17.566021,45.47171,8
baseline,20.265785,3.4811015,7
baseline,-41.667686,-9.047559,0
baseline,9.374034,46.345245,8
baseline,-9.689267,27.792881,4
baseline,42.85829,11.604582,5
baseline,-33.640392,-4.8106875,0
baseline,24.89582,1.0825664,7
baseline,-7.726288,-45.459167,1
baseline,28.896063,-8.513444,7
baseline,-8.876898,-46.508865,1
baseline,-7.8962097,-7.066416,3
baseline,-19.35503,22.35438,4
baseline,-7.382915,-47.75148,1
baseline,31.888794,-24.935085,9
baseline,22.01626,3.3367412,7
baseline,-10.723245,29.655228,4
baseline,15.450052,35.02487,8
baseline,-17.94775,31.636663,4
baseline,16.29314,40.791092,8
baseline,-21.20501,-5.6046124,3
baseline,37.12117,2.51009,5
baseline,23.430407,-2.6144457,7
baseline,-6.5213523,-14.007766,3
baseline,13.650325,44.509586,8
baseline,37.535263,-30.146297,9
baseline,-24.15125,-6.2732115,1
baseline,-25.0687,-1.0553118,3
baseline,-33.29817,-9.131589,6
baseline,-5.9202952,-1.7508446,4
baseline,-44.907475,-9.17024,0
baseline,-20.694471,-10.6352215,3
baseline,37.306366,-11.121088,5
baseline,-20.959888,3.1426427,6
baseline,-9.844433,26.9843,2
baseline,17.086016,42.425846,8
baseline,-20.576906,-20.651577,3
baseline,-5.3226542,0.08355833,4
baseline,-9.559542,11.958263,6
baseline,-25.721489,11.294514,2
baseline,27.922794,-12.49696,7
baseline,-22.670967,2.2334912,6
baseline,-1.0289677,-46.60239,1
baseline,39.08947,-19.83211,9
baseline,24.84602,4.7545877,7
baseline,19.269646,34.05464,8
baseline,-2.978064,-47.85608,1
baseline,-19.040329,28.458714,6
baseline,-46.81694,-7.790891,0
baseline,35.86094,-26.834463,9
baseline,-43.045452,-3.7594337,0
baseline,12.431224,32.13255,8
baseline,30.116285,-22.152649,9
baseline,39.591156,7.4444633,5
baseline,-38.17057,-5.295454,0
baseline,39.824165,0.17600504,5
baseline,-13.451285,-5.1709843,0
baseline,0.21711631,-41.9279,1
baseline,-6.9880877,0.2787116,4
baseline,-3.9387376,-45.29972,1
baseline,-33.48518,-0.16217361,6
baseline,39.970318,2.2769625,5
baseline,-14.505295,-17.505632,3
baseline,10.93155,42.18164,8
baseline,28.069242,-10.277496,7
baseline,-6.052561,13.391053,6
baseline,-15.323322,32.300945,4
baseline,-15.655017,-16.077354,3
baseline,-27.64309,24.414492,4
baseline,-1.7492435,-47.08224,1
baseline,-19.787424,3.7066288,3
baseline,-3.2161453,-46.409683,1
baseline,-22.667498,25.000534,6
baseline,22.17424,4.2777405,7
baseline,-42.36672,-1.591605,2
baseline,-11.905332,13.737061,6
baseline,10.827509,39.96319,8
baseline,-10.478385,30.29375,4
baseline,32.63937,2.22988,5
baseline,-30.013609,-2.0281205,0
baseline,-4.863087,24.600119,2
baseline,-6.36028,-14.511356,3
baseline,8.980311,46.522907,8
baseline,25.542122,3.4766521,7
baseline,-27.498392,-1.6900737,3
baseline,39.46851,6.115239,5
baseline,-43.34119,-11.149605,0
baseline,40.234333,3.1304839,5
baseline,-9.015012,28.200035,4
baseline,-28.589151,14.300443,2
baseline,-0.112677634,-52.80981,1
baseline,40.06043,9.497802,5
baseline,-1.4063191,-45.027325,1
baseline,-27.662569,-4.0526605,0
baseline,23.056616,1.4203198,7
baseline,34.292015,-14.168245,9
baseline,-7.678991,28.674015,4
baseline,43.245605,8.643837,5
baseline,-6.116971,30.443226,4
baseline,39.749855,5.334553,5
baseline,-8.969271,27.207388,4
baseline,33.27231,-30.96596,9
baseline,51.34706,4.729236,5
baseline,47.077473,6.4818115,5
baseline,-23.515593,15.205033,2
baseline,2.9999835,-47.8324,1
baseline,41.741512,4.5005636,5
baseline,32.9206,-20.072289,9
baseline,9.934011,45.60664,8
baseline,-27.733788,15.712623,2
baseline,-44.182068,-4.8953567,0
baseline,49.20387,9.178564,5
baseline,-22.857996,12.204953,2
baseline,29.184023,-5.9103246,7
baseline,39.06049,-26.316933,5
baseline,31.422049,-25.060066,9
baseline,-16.290785,-11.557376,3
baseline,-19.099972,3.9681864,0
baseline,29.452187,-6.893462,7
baseline,38.087536,-27.50876,9
baseline,-16.584438,-14.283375,3
baseline,26.275724,-3.5708795,7
baseline,0.3167113,-52.505215,1
baseline,30.62461,-5.400022,5
baseline,-13.187766,-14.482206,3
baseline,1.5534874,-51.027214,1
baseline,31.65359,-29.738354,9
baseline,-7.630694,27.003504,4
baseline,-17.55516,27.024715,4
baseline,-7.6598625,12.34197,6
baseline,-11.615865,13.139155,6
baseline,-22.424807,20.727676,6
baseline,-28.23558,18.159489,2
baseline,-48.09451,-7.458016,0
baseline,-25.825832,14.132417,2
baseline,-8.92595,29.433027,4
baseline,18.14279,0.0070215883,7
baseline,-18.153719,12.720082,6
baseline,-13.626982,-15.82765,3
baseline,22.286793,36.469875,8
baseline,-37.012787,-4.477265,0
baseline,-29.55809,-3.1181324,0
baseline,21.6641,38.487057,8
baseline,-18.74597,11.809334,2
baseline,-28.749823,-7.701752,6
baseline,39.185055,-20.210396,9
baseline,21.521679,-2.4938362,7
baseline,-6.078276,-42.706173,1
baseline,-17.287388,-15.296652,3
baseline,-11.5488825,0.4919716,3
baseline,-26.589102,13.445728,2
baseline,20.119978,32.76622,8
baseline,-18.71528,7.506985,2
baseline,-9.995181,-2.4120603,3
baseline,-21.684147,-21.976345,0
baseline,13.168757,32.827187,8
baseline,-9.055384,3.7549393,6
baseline,-19.725954,12.722512,2
baseline,-40.389,-5.1591444,0
baseline,-3.608653,-43.259014,1
baseline,-29.981907,-6.669706,0
baseline,37.507477,-31.090775,9
baseline,-43.850033,-7.495469,0
baseline,8.083927,43.553288,8
baseline,-6.083706,24.895168,2
baseline,-7.4584956,-11.9476,3
baseline,-43.855167,-5.2293663,0
baseline,-18.476496,23.78213,2
baseline,20.618689,36.12784,8
baseline,-18.729385,15.530868,2
baseline,-18.709003,-17.593975,3
baseline,49.9253,8.775455,5
baseline,31.177555,-19.884071,9
baseline,49.821625,4.71999,5
baseline,-6.1742735,2.0699353,3
baseline,-36.5691,1.2438278,6
baseline,-20.939857,4.0171537,2
baseline,42.075733,6.488842,5
baseline,17.781757,41.357773,8
baseline,-6.5561604,31.644762,4
baseline,-0.012357808,-50.598854,1
baseline,-7.3594594,-7.7463055,3
baseline,-39.012257,-6.7725325,0
baseline,-6.8016534,-7.3487597,3
baseline,-21.39325,15.454721,2
baseline,19.260044,-1.5573553,7
baseline,-19.175547,-18.001825,3
baseline,-5.8203034,-1.452686,4
baseline,-25.986889,-1.3009225,6
baseline,-3.9839864,-48.857716,1
baseline,-7.1905613,10.478069,6
baseline,30.065289,-4.376558,7
baseline,38.051846,-28.973753,9
baseline,10.432344,42.32168,8
baseline,30.280888,-30.708532,9
baseline,-8.713986,20.173826,2
baseline,-1.786145,-45.28604,1
baseline,-25.37011,12.7877865,2
baseline,-14.5856905,-16.616241,3
baseline,-9.094084,3.7160785,4
baseline,-20.19775,-10.171705,3
baseline,33.669388,-26.174503,9
baseline,15.451094,44.272545,8
baseline,52.605072,6.8035207,5
baseline,43.446095,10.106644,5
baseline,20.76754,3.006597,7
baseline,43.88447,4.7443027,5
baseline,-18.13525,15.242401,2
baseline,-2.0671828,-42.75209,1
baseline,-4.4884396,-10.872018,4
baseline,12.969702,32.461308,8
baseline,39.487827,4.737184,5
baseline,-10.8972225,15.251991,6
baseline,-15.383695,-14.757735,3
baseline,-20.005772,17.87069,2
baseline,36.569744,-12.786837,9
baseline,0.4917788,-50.620102,1
baseline,18.788734,36.246094,8
baseline,-35.914078,-5.956933,0
baseline,-28.765451,-6.9714355,6
baseline,23.49063,5.746169,7
baseline,-16.860174,18.787817,2
baseline,39.065903,-18.919008,9
baseline,19.962633,4.551176,7
baseline,35.55281,8.1206045,5
baseline,42.00291,-0.2315185,5
baseline,1.6297017,-49.163975,1
baseline,40.231655,5.0734987,5
baseline,26.698713,-10.65547,7
baseline,-17.217197,26.431555,4
baseline,39.500523,6.219941,5
baseline,22.131315,-4.0763564,7
baseline,44.253433,4.9303374,5
baseline,16.862917,31.767859,8
baseline,12.430592,32.450443,8
baseline,-22.1948,12.338088,2
baseline,16.613033,35.318615,8
baseline,-25.926218,13.272641,2
baseline,8.704747,41.915035,8
baseline,-1.1180723,-53.17741,1
baseline,-19.286146,-18.966696,3
baseline,34.021236,-33.08144,9
baseline,-18.352114,-18.477497,3
baseline,-15.56823,21.585648,2
baseline,-42.561,-11.85082,0
baseline,14.204928,49.02488,8
baseline,-15.516113,18.423012,2
baseline,-11.615414,29.025969,4
baseline,39.828625,5.5683017,5
baseline,-33.609604,-5.2524176,0
baseline,-21.363817,19.19352,2
baseline,-19.522581,-14.832833,3
baseline,-46.69382,-9.362416,0
baseline,15.258299,33.80564,8
baseline,-34.21811,-4.6265774,6
baseline,49.610207,2.9351952,5
baseline,17.409904,43.04922,8
baseline,34.949436,-31.15706,9
baseline,-34.936928,1.4812036,6
baseline,-16.564941,28.167166,4
baseline,36.45351,-23.10636,9
baseline,-4.9869304,1.9847075,4
baseline,-16.668385,12.935455,2
baseline,31.3081,-7.0143924,7
baseline,-9.937063,1.9514421,3
baseline,36.990173,-24.61538,9
baseline,-10.044022,16.455624,6
baseline,34.91759,-32.155735,9
baseline,-10.580832,9.116816,4
baseline,-22.548431,-20.619013,0
baseline,34.90469,-27.724148,9
baseline,-6.308245,19.843199,2
baseline,22.51953,-3.180835,7
baseline,-3.340859,-48.441864,1
baseline,-23.98924,-1.866034,0
baseline,31.32576,-22.136984,9
baseline,-3.3453698,-39.56753,1
baseline,22.307354,4.919338,7
baseline,17.154856,-1.0944738,7
baseline,-18.62036,23.205624,2
baseline,30.13886,-13.668786,9
baseline,-10.045801,11.417461,6
baseline,-4.9712243,-13.754163,3
baseline,17.06522,42.49276,8
baseline,-2.3139167,-50.240215,1
baseline,-21.183897,3.122591,6
baseline,1.3974565,-52.597424,1
baseline,-8.842737,-45.466614,1
baseline,19.383127,1.5920054,7
baseline,13.0536175,40.361176,8
baseline,3.6936576,-45.409264,1
baseline,-12.534645,10.659741,6
baseline,-6.5376873,-47.40371,1
baseline,43.862534,2.6341205,5
baseline,-9.759089,10.653859,6
baseline,-15.644134,26.000408,4
baseline,17.215034,45.877533,8
baseline,-37.660034,-13.098506,0
baseline,16.760305,31.881977,8
baseline,33.78888,-34.070637,9
baseline,17.765026,31.021769,8
baseline,-1.3882143,-52.17583,1
baseline,22.471867,5.905822,7
baseline,-19.427652,-9.997298,3
baseline,16.715233,43.07574,8
baseline,-27.356363,-9.171378,6
baseline,-5.7598143,-42.077095,1
baseline,1.4828416,-50.405304,1
baseline,-20.139275,-8.380116,3
baseline,43.621967,6.544416,5
baseline,9.723376,45.401443,8
baseline,-25.348549,23.513147,2
baseline,-19.57025,-15.705309,3
baseline,-5.342346,-40.74008,1
baseline,-7.907068,1.5398028,4
baseline,18.056957,34.13855,8
baseline,13.697246,30.773272,8
baseline,-8.900627,23.556047,2
baseline,-23.730171,24.913548,4
baseline,33.55765,-23.950024,9
baseline,-7.9374905,29.214851,4
baseline,48.029854,5.3974056,5
baseline,21.322332,-3.9926057,7
baseline,-2.2235155,-44.533424,1
baseline,33.542446,-17.517944,9
baseline,-15.04132,23.62319,4
baseline,-6.5547695,-0.7185617,4
baseline,0.036189724,-41.637924,1
baseline,-22.849813,19.038973,2
baseline,12.29853,45.29128,8
baseline,17.385729,-1.6462913,7
baseline,-28.180954,1.5178674,6
baseline,-7.789652,1.3559338,4
baseline,12.332872,46.865734,8
baseline,-6.188301,-1.3576211,4
baseline,-18.654432,18.791433,2
baseline,-32.36287,2.6753416,6
baseline,-5.608511,-41.836704,1
baseline,-8.688163,-46.239906,1
baseline,1.8448789,-40.723118,1
baseline,-15.094691,-7.38533,8
baseline,-25.286592,8.277133,4
baseline,-19.971636,19.915756,2
baseline,1.7253742,-43.552013,1
baseline,-18.198809,2.0403998,2
baseline,-27.800945,24.976414,2
baseline,-42.616333,-6.553954,0
baseline,-28.930925,24.445066,0
baseline,35.07719,-33.41491,9
baseline,19.019436,33.19879,8
baseline,-39.72388,0.3239557,0
baseline,-35.693653,-10.007067,0
baseline,49.821575,4.579724,5
baseline,38.15108,-24.97715,9
baseline,37.733585,3.3359675,5
baseline,-31.54947,-9.492269,0
baseline,52.324276,6.1712875,5
baseline,-18.899317,-21.951853,3
baseline,-43.135155,-7.102706,0
baseline,39.337708,2.267674,5
baseline,8.512328,44.583843,8
baseline,-17.08509,21.891468,4
baseline,36.557564,-24.259169,9
baseline,-1.8481368,-41.716503,1
baseline,0.5952608,-46.116283,1
baseline,13.857503,34.295433,8
baseline,18.383389,36.321026,8
baseline,18.427095,3.098911,7
baseline,20.500557,32.978703,8
baseline,-24.01854,19.469519,6
baseline,-25.854637,13.608173,2
baseline,17.388706,4.336946,7
baseline,48.56158,3.5067062,5
baseline,-10.999085,22.886673,2
baseline,-25.91638,13.306815,2
baseline,34.363377,-24.583233,9
baseline,34.575596,-23.295664,9
baseline,49.638794,3.3565097,5
baseline,-6.408649,6.755246,4
baseline,-4.2199407,2.0566223,4
baseline,-3.8138766,-41.49847,1
baseline,33.374756,-31.367912,9
baseline,-19.318611,17.007624,2
baseline,-2.1469078,-51.733467,1
baseline,37.65828,-23.842962,9
baseline,11.573849,45.90434,8
baseline,-16.017471,-14.45293,3
baseline,11.15272,43.95744,8
baseline,-13.757284,27.282099,4
baseline,-12.817544,29.567312,4
baseline,29.571272,-3.7762837,7
baseline,-6.1479945,12.317,6
baseline,15.548856,38.018726,8
baseline,23.088486,6.8983545,7
baseline,36.10698,-0.39421785,5
baseline,-40.881676,-7.6198926,0
baseline,-8.49965,10.498174,6
baseline,-17.74178,-10.199787,3
baseline,-37.03619,0.25763315,0
baseline,51.59861,5.8737855,5
baseline,-31.344948,0.4626185,6
baseline,33.00224,-14.21828,9
baseline,-43.534134,-8.873823,0
baseline,-32.736237,0.52759576,6
baseline,-11.799185,-8.488897,3
baseline,-8.273605,16.110867,6
baseline,-6.653971,12.708976,6
baseline,30.145493,-23.890951,9
baseline,44.284813,9.083642,5
baseline,-15.326358,-15.421973,3
baseline,18.316349,4.3675957,7
baseline,13.753948,48.75199,8
baseline,-21.813953,-22.001413,6
baseline,26.779163,-11.496158,7
baseline,-7.6515164,13.687488,6
baseline,-27.609032,25.223064,2
baseline,-16.378565,25.365255,4
baseline,33.71386,-25.777477,9
baseline,21.83263,37.784107,8
baseline,47.451393,10.4652405,5
baseline,-8.933736,12.323476,6
baseline,34.514038,-30.3085,9
baseline,16.436121,1.9678102,7
baseline,-5.271222,30.543709,4
baseline,0.3602311,-43.811607,1
baseline,-2.6707609,-44.996674,1
baseline,0.86716354,-49.463898,1
baseline,26.206493,5.249581,7
baseline,-41.37425,-5.9894314,0
baseline,33.07946,-28.623465,9
baseline,35.679756,-31.813318,9
baseline,31.66039,-14.441004,9
baseline,-26.170134,23.692394,2
baseline,-23.17497,19.132565,4
baseline,36.140266,-31.8421,9
baseline,35.566166,-28.316463,9
baseline,23.204094,4.3756876,7
baseline,-23.324793,20.64521,4
baseline,14.570743,45.026096,8
baseline,-31.639278,-6.3062954,6
baseline,4.528604,-42.15593,1
baseline,12.981042,40.655277,8
baseline,-2.599173,-45.690746,1
baseline,51.019207,6.8821974,5
baseline,-6.2097096,1.514814,4
baseline,-5.0784082,-12.789677,3
baseline,38.166454,-29.080637,9
baseline,33.303246,-30.023428,9
baseline,-7.3788166,-44.2906,1
baseline,-19.79352,-21.282946,3
baseline,-8.161911,-11.99081,3
baseline,25.24968,1.1645452,7
baseline,-11.1202755,17.846716,2
baseline,9.272458,46.177853,8
baseline,20.152695,-2.503266,7
baseline,-4.2045474,-10.4299345,4
baseline,33.018124,-18.550692,9
baseline,46.76117,10.17618,5
baseline,18.835619,34.252296,8
baseline,16.919067,28.641275,8
baseline,19.199663,38.097206,8
baseline,-28.250818,-8.729378,0
baseline,17.781971,32.927414,8
baseline,29.297134,-11.841258,7
baseline,46.445595,7.697943,5
baseline,41.19105,9.6935625,5
baseline,46.22625,4.832504,5
baseline,32.491447,-16.401745,9
baseline,-20.153807,-18.093445,3
baseline,-6.74712,-7.126543,3
baseline,-45.00859,-9.987053,0
baseline,-48.763645,-7.887466,0
baseline,38.26846,5.691869,5
baseline,-40.889336,-7.0240293,0
baseline,28.160997,-13.363681,7
baseline,-22.527208,15.851953,2
baseline,44.737152,9.505319,5
baseline,16.490917,46.975662,8
baseline,28.590797,-5.596642,7
baseline,34.955364,-26.949463,9
baseline,-39.35633,-7.6815,0
baseline,-17.569244,13.348533,2
baseline,-17.39097,30.261356,4
baseline,-17.756918,-13.162418,3
baseline,31.438175,-27.95,9
baseline,20.88179,6.576345,7
baseline,-13.725339,-9.479801,3
baseline,-21.288551,20.970116,6
baseline,49.297043,4.189727,5
baseline,2.3830378,-46.33491,1
baseline,27.498325,-11.61973,7
baseline,-6.752396,30.138538,4
baseline,47.21667,8.388559,5
baseline,35.60642,8.571737,5
baseline,38.779945,4.4529467,5
baseline,42.57653,9.464002,5
baseline,-40.17345,-10.903991,0
baseline,1.4460772,-42.83597,1
baseline,21.24565,-0.9192565,7
baseline,27.98363,-6.165902,7
baseline,1.5892428,-46.528862,1
baseline,-7.6523595,-4.830966,4
baseline,-23.981699,-12.500369,0
baseline,-24.684183,12.810135,2
baseline,47.939278,4.3921366,5
baseline,-2.1136093,-46.376514,1
baseline,-46.532467,-6.814282,0
baseline,16.830614,33.116512,8
baseline,30.780622,-22.854372,9
baseline,-29.296719,24.41282,2
baseline,33.87339,-19.159851,9
baseline,38.39192,7.392067,5
baseline,1.6722579,-51.045578,1
baseline,-7.882824,10.694337,6
baseline,30.106644,-13.523982,7
baseline,29.189335,-3.30049,7
baseline,31.222593,-11.751116,7
baseline,-20.456234,-12.95736,3
baseline,-10.803664,-13.222967,3
baseline,17.828745,33.74245,8
baseline,42.479656,2.7283664,5
baseline,18.813507,6.1114345,7
baseline,52.800476,6.790707,5
baseline,-32.34467,-7.4431977,0
baseline,40.818085,11.017429,5
baseline,15.539832,47.26095,8
baseline,-24.690619,-1.3311042,6
baseline,31.260141,-19.083252,9
baseline,-13.862137,29.422686,4
baseline,-21.644218,-8.543762,2
baseline,-23.34332,21.69384,6
baseline,-16.756723,16.729662,6
baseline,-21.13269,11.595537,2
baseline,38.86685,6.6104507,5
baseline,-16.546955,29.53163,4
baseline,33.632782,-19.038116,9
baseline,-11.352567,-10.00937,3
baseline,30.919258,-25.31292,9
baseline,40.320004,0.8319488,5
baseline,17.926521,44.187946,8
baseline,42.668995,10.00544,5
baseline,-4.4032536,23.68893,2
baseline,-4.790259,-7.4510202,3
baseline,14.381118,34.597,8
baseline,15.4943905,48.653156,8
baseline,-20.82387,18.13714,2
baseline,-25.503628,16.007915,2
baseline,-9.039873,-2.218649,8
baseline,-7.931909,29.017643,4
baseline,-25.020771,22.09544,2
baseline,-16.55617,19.263065,2
baseline,-37.04036,-11.891663,0
baseline,-17.12472,-5.9878445,0
baseline,-24.71444,7.7701783,2
baseline,-32.75189,2.78368,0
baseline,-5.9185653,12.109542,6
baseline,21.170929,37.226276,8
baseline,31.308052,-26.638834,9
baseline,36.86853,5.4753175,5
baseline,12.701439,32.101074,8
baseline,-5.8002815,-11.283783,3
baseline,-19.940214,-11.147835,3
baseline,-6.6473885,6.60707,6
baseline,42.75341,10.552466,5
baseline,49.857784,7.6035366,5
baseline,-14.2649765,-16.16434,3
baseline,-19.995531,-8.453267,3
baseline,53.177967,6.1827984,5
baseline,44.276142,2.7107747,5
baseline,-5.875336,19.251436,2
baseline,28.447977,-0.13208704,5
baseline,30.516005,-10.551871,7
baseline,0.016621983,-50.893974,1
baseline,48.070908,7.859068,5
baseline,2.9857106,-46.29603,1
baseline,16.358137,47.993877,8
baseline,14.372652,32.1408,8
baseline,-2.439699,-52.69297,1
baseline,-26.14272,-7.29938,0
baseline,37.106052,4.251206,5
baseline,-24.114529,-16.740946,3
baseline,9.52784,45.460083,8
baseline,-14.42657,17.931198,4
baseline,-34.283447,-8.609485,6
baseline,-19.300362,-19.302917,3
baseline,-14.8804655,-6.8756766,3
baseline,15.435338,45.956486,8
baseline,-26.00721,-7.4303575,6
baseline,-19.259329,-0.6895484,3
baseline,-46.052883,-9.150377,0
baseline,36.455944,-22.826004,9
baseline,-28.504827,-6.768501,0
baseline,-8.122765,14.393851,6
baseline,-9.874243,2.3505633,3
baseline,15.933304,46.85694,8
baseline,33.47227,-34.267025,9
baseline,46.90208,5.4135776,5
baseline,-39.196903,-10.393833,0
baseline,-28.686241,23.943583,0
baseline,34.67714,-34.05267,9
baseline,-42.890697,-9.58474,0
baseline,1.1223104,-46.043407,1
baseline,-5.9222217,10.809518,6
baseline,-34.904972,1.2786438,6
baseline,-13.853497,23.30539,4
baseline,-18.096817,26.350338,4
baseline,-6.048201,6.0139136,6
baseline,24.64146,1.9782188,7
baseline,-47.234756,-9.0825405,0
baseline,-14.310097,2.7080178,4
baseline,16.295023,38.405685,8
baseline,-37.476868,-6.8344765,0
baseline,-9.119525,28.997215,4
baseline,24.31476,5.8119583,7
baseline,-7.294709,-12.123532,3
baseline,-3.0475876,-48.699318,1
baseline,-16.242691,-17.565596,3
baseline,-44.56572,-5.9626927,0
baseline,19.486784,-1.523962,7
baseline,-43.576088,-8.231005,0
baseline,-22.714834,-18.439121,3
baseline,-10.5604105,-39.830185,1
baseline,-18.146004,-12.549312,3
baseline,27.458956,4.7390776,5
baseline,22.47687,5.9863796,7
baseline,35.421776,-0.6338587,8
baseline,-28.704948,23.32228,6
baseline,-7.4143867,23.242584,2
baseline,-44.844902,-8.237413,0
baseline,36.291668,-31.169353,9
baseline,-21.540407,27.41226,2
baseline,-26.004263,23.967787,2
baseline,13.8464,35.777138,8
baseline,28.924496,-6.375868,7
baseline,-17.648516,27.321512,4
baseline,-40.969032,-11.115927,0
baseline,-22.721,23.873756,4
baseline,-19.240587,20.922962,2
baseline,-24.74342,14.495042,2
baseline,-12.915109,12.011056,6
baseline,0.9852571,-44.855694,1
baseline,-20.982977,8.807792,2
baseline,16.737263,45.19699,8
baseline,-9.399843,-8.160727,3
baseline,-45.023594,-13.333192,0
baseline,-38.350742,-11.874139,0
baseline,-2.6732957,-51.587643,1
baseline,22.146038,0.932176,7
baseline,-4.604595,28.341135,2
baseline,19.603872,2.1150603,7
baseline,46.23574,5.8887076,5
baseline,-12.722807,-12.386322,3
baseline,32.937233,-23.712803,9
baseline,-8.078796,-10.775768,3
baseline,-6.2278438,-14.13317,3
baseline,-23.638784,10.900843,6
baseline,-6.760792,-8.14958,3
baseline,36.599533,-21.054995,9
baseline,15.539084,33.13127,8
baseline,18.261007,46.4978,8
baseline,-17.197784,-10.856295,3
baseline,-17.624357,-20.210491,3
baseline,-8.74351,-9.467836,3
baseline,-38.10062,-7.842246,0
baseline,-14.717291,-17.418259,3
baseline,-8.534669,31.503225,4
baseline,0.083811164,-39.727226,1
baseline,-8.2026,-45.012184,1
baseline,35.920803,7.447409,5
baseline,20.88978,-0.83409077,7
baseline,-18.09081,-11.435899,3
baseline,-41.624763,-10.0852785,0
baseline,-15.0310955,-12.374751,3
baseline,-6.6435966,12.296324,6
baseline,-18.903038,-21.71948,3
baseline,31.597033,-15.624751,9
baseline,-7.4566846,-5.8118877,6
baseline,-12.929839,-11.600844,3
baseline,-25.676643,15.384526,2
baseline,-20.151003,19.682472,2
baseline,-6.05194,-3.7244275,3
baseline,-38.59298,-0.69387454,0
baseline,1.5329438,-41.494804,1
baseline,-6.5438895,-49.271614,1
baseline,-9.618055,8.395028,6
baseline,-2.0116851,-47.206413,1
baseline,33.043457,-16.685875,9
baseline,-35.067078,-5.7734747,0
baseline,8.892151,44.461132,8
baseline,14.852194,48.151527,8
baseline,18.073391,46.216175,8
baseline,16.11359,5.4283686,7
baseline,-20.958607,22.1257,2
baseline,-2.4156666,-41.322605,1
baseline,20.363277,32.34827,8
baseline,26.97571,-2.892792,7
baseline,-46.476665,-6.0146527,0
baseline,32.282253,-27.654886,9
baseline,35.002632,-21.868393,9
baseline,29.199717,-22.352627,9
baseline,-10.202905,12.104273,6
baseline,34.24157,-34.39229,9
baseline,-0.99010414,-53.038105,1
baseline,26.167824,-12.823774,7
baseline,28.162964,-10.215169,7
baseline,-6.966404,-11.684162,3
baseline,-8.714257,13.369297,6
baseline,-19.041473,-17.136965,3
baseline,22.178438,-1.6937776,7
baseline,15.964033,37.034225,8
baseline,27.867855,4.766789,5
baseline,-9.272271,15.674593,6
baseline,-19.58527,-17.254452,3
baseline,-39.580128,-11.510287,0
baseline,-42.967754,-9.547705,0
baseline,54.78063,6.8164654,5
baseline,15.852063,48.324013,8
baseline,48.946247,4.430425,5
baseline,-14.944009,-13.089286,3
baseline,-18.654865,-12.4724655,3
baseline,44.22298,9.069502,5
baseline,-1.9992191,-53.08981,1
baseline,-37.980816,-0.37012714,0
baseline,-28.461765,22.675436,0
baseline,-23.128212,13.52161,2
baseline,32.367577,-29.23266,9
baseline,32.556732,-29.728006,9
baseline,52.62593,5.3404818,5
baseline,16.491348,41.244156,8
baseline,20.911682,38.06172,8
baseline,-23.215536,24.592052,6
baseline,-11.943585,29.037352,4
baseline,-8.4228735,-0.17939103,6
baseline,1.7360202,-43.756527,1
baseline,-40.518982,-6.435168,0
baseline,23.146317,4.457511,7
baseline,3.007837,-49.60155,1
baseline,46.945972,6.336401,5
baseline,18.778204,32.071083,8
baseline,-17.925238,18.296085,2
baseline,31.856762,-19.735744,9
baseline,-12.208052,-5.060624,3
baseline,-11.229103,0.36176467,6
baseline,-4.6762285,24.994877,2
baseline,-0.545177,-45.957703,1
baseline,13.55027,48.861782,8
baseline,-19.257046,6.2750807,2
baseline,23.003613,-3.6867638,7
baseline,23.774416,-3.0370784,7
baseline,37.017357,-32.8585,9
baseline,41.194447,9.657462,5
baseline,22.834051,-2.4296453,7
baseline,-46.378906,-5.8612356,0
baseline,17.587269,44.14648,8
baseline,-26.14655,-8.210863,0
baseline,20.547955,-1.8036596,7
baseline,45.183468,2.2174964,8
baseline,3.4896042,-41.407665,1
baseline,-8.106879,-44.773846,1
baseline,7.562313,42.83931,8
baseline,-14.131213,0.6558658,0
baseline,28.50038,-8.931118,7
baseline,-25.387732,24.56768,6
baseline,-0.5002455,-41.129837,1
baseline,-22.278046,21.99181,6
baseline,-2.6533983,-50.82763,1
baseline,-21.253717,12.805242,2
baseline,-29.0458,20.249224,2
baseline,-23.556902,-17.500925,3
baseline,-46.751255,-8.413043,0
baseline,41.1875,3.0278163,5
baseline,-26.902824,17.859308,2
baseline,-16.504988,29.999847,4
baseline,-9.354443,-8.704953,3
baseline,-17.33864,-6.073853,3
baseline,17.150902,35.48903,8
baseline,16.931683,28.487507,8
baseline,41.024338,5.67915,5
baseline,35.52648,-16.915632,9
baseline,21.458815,4.596971,7
baseline,-36.5044,-10.599906,0
baseline,-12.901488,-5.5602264,4
baseline,-7.8257003,13.252572,6
baseline,-11.148846,23.016872,2
baseline,-11.578497,26.872597,4
baseline,36.70766,-12.228784,9
baseline,-0.063547984,-39.103867,1
baseline,38.85311,1.8035364,5
baseline,-15.913315,25.024006,4
baseline,-10.76109,-6.488212,3
baseline,34.12223,-15.835782,9
baseline,-3.690536,-50.945053,1
baseline,14.732237,41.294186,8
baseline,-14.285148,24.18852,4
baseline,3.2641332,-49.570107,1
baseline,38.15654,6.017232,5
baseline,-13.047909,1.3968209,2
baseline,-8.848689,-5.8329554,3
baseline,38.500214,4.5769,5
baseline,17.085497,44.522026,8
baseline,-17.27025,-13.142105,3
baseline,38.130043,8.2573805,5
baseline,36.87151,8.977212,5
baseline,-34.102043,-9.892817,0
baseline,-0.5077766,-44.99124,1
baseline,-19.622076,26.998577,2
baseline,19.292362,0.5179458,7
baseline,-26.775503,13.973027,2
baseline,35.819336,-31.294523,9
baseline,18.814718,36.21337,8
baseline,-16.065414,22.293173,6
baseline,17.15943,34.428417,8
baseline,30.638702,-2.4798255,5
baseline,19.177727,35.10243,8
baseline,16.00144,3.4136162,7
baseline,-9.927566,5.0679374,4
baseline,28.282824,-11.144508,7
baseline,-18.140247,3.7300177,2
baseline,27.391935,-2.9693263,7
baseline,1.7125008,-50.31922,1
baseline,32.808605,-20.100876,9
baseline,39.824596,7.566659,5
baseline,50.539993,2.613466,9
baseline,-6.1487565,19.583633,6
baseline,-38.434242,-0.6955969,0
baseline,32.773483,-25.193567,9
baseline,-9.78868,11.695725,6
baseline,32.47857,-15.191684,9
baseline,-19.16165,-20.482689,3
baseline,-36.973312,-4.9478006,6
baseline,-8.028063,-4.8837113,3
baseline,-14.629167,-6.9470034,1
baseline,-1.5745528,-45.537575,1
baseline,35.937405,-34.90254,9
baseline,28.557758,-2.7448015,7
baseline,47.868477,6.49872,5
baseline,0.34177047,-41.630726,1
baseline,-9.891935,15.472286,6
baseline,-15.998539,-13.231839,3
baseline,-5.910104,22.075403,2
baseline,11.724563,40.363964,8
baseline,-27.053453,24.564789,2
baseline,-40.23184,-10.912662,0
baseline,-19.89343,28.962393,6
baseline,30.638596,-18.32899,9
baseline,-5.5107217,31.028156,4
baseline,-21.608492,-10.469199,3
baseline,-13.440725,-0.6121545,3
baseline,14.212543,29.887691,8
baseline,43.747223,10.954584,5
baseline,-47.293507,-4.042303,0
baseline,42.60554,10.512518,5
baseline,1.4858465,-52.19781,1
baseline,41.290207,6.1039457,5
baseline,-43.550278,-3.730025,0
baseline,15.215008,31.757374,8
baseline,-34.310932,-2.504504,6
baseline,-23.119144,4.198452,2
baseline,-8.013471,16.478254,6
baseline,13.50677,32.60007,8
baseline,20.834656,6.63627,7
baseline,-7.165333,14.044628,6
baseline,-34.908752,1.6290343,6
baseline,-4.237123,-41.198498,1
baseline,-27.508123,14.440058,2
baseline,1.1035137,-44.20443,1
baseline,13.81599,40.89376,8
baseline,-16.376686,-13.412334,3
baseline,-20.282417,-8.297561,3
baseline,-37.715603,0.07181704,6
baseline,-7.7726183,-46.426468,1
baseline,-6.8879647,3.5734675,4
baseline,37.693474,-22.374525,9
baseline,33.632618,-32.31014,9
baseline,26.558336,-11.584298,7
baseline,-2.1960273,-40.67177,1
baseline,40.306175,10.60124,5
baseline,-27.30722,-8.115977,0
baseline,33.808964,-15.521896,9
baseline,15.054877,32.98491,8
baseline,-20.338451,21.3588,6
baseline,27.089127,-12.510268,9
baseline,-19.525383,-20.652733,3
baseline,-13.936317,1.7006357,3
baseline,20.904537,-4.380823,7
baseline,44.759148,1.2624389,5
baseline,24.351992,-2.5335593,7
baseline,28.144289,-5.5302763,7
baseline,35.45447,8.191682,5
baseline,31.17888,-22.394527,9
baseline,-5.019918,-12.480967,3
baseline,16.808018,42.680424,8
baseline,-5.3373723,-43.063755,1
baseline,-37.52234,-12.097617,0
baseline,51.835377,8.264867,5
baseline,-18.502005,-17.63571,3
baseline,20.866308,36.44567,8
baseline,0.24030691,-43.025967,1
baseline,17.634981,0.016766276,7
baseline,-43.83312,-10.686518,0
baseline,-8.436942,-2.7078528,3
baseline,-29.942307,-1.7432034,0
baseline,-14.864708,-5.793367,1
baseline,-9.885317,10.411187,6
baseline,44.12627,10.440419,5
baseline,19.660828,36.711456,8
baseline,-1.4581198,-39.891033,1
baseline,42.927437,9.873996,5
baseline,26.233532,3.6174512,5
baseline,28.074883,-3.6138103,7
baseline,-16.880808,26.530563,4
baseline,-5.181215,29.627583,4
baseline,40.03297,-28.702301,9
baseline,32.138783,-12.681671,7
baseline,-47.300198,-4.8244233,0
baseline,-24.484848,19.661123,6
baseline,-42.60326,-11.39456,0
baseline,32.03372,-23.408762,9
baseline,-6.494467,-3.9809709,4
baseline,-45.803066,-9.001118,0
baseline,-9.116466,-4.046237,3
baseline,3.7260354,-42.965313,1
baseline,17.31389,47.56687,8
baseline,-42.40329,-1.6532903,0
baseline,-15.909883,-12.908293,3
baseline,-36.28914,-0.1866965,6
baseline,1.6229484,-47.211983,1
baseline,-20.959394,-20.430082,3
baseline,-36.18741,-9.082908,0
baseline,-25.956804,12.326577,2
baseline,21.665668,-1.7291702,7
baseline,-9.983313,11.751431,6
baseline,-46.58368,-3.0620315,0
baseline,-18.147346,26.311062,4
baseline,0.20870319,-40.504616,1
baseline,-6.902122,-13.922883,3
baseline,-4.5967355,-51.998493,1
baseline,-38.300766,-0.20341511,0
baseline,28.405346,-14.338624,7
baseline,16.08809,42.748623,8
baseline,36.21434,8.688148,5
baseline,-9.880559,26.462685,4
baseline,-23.748789,-11.68459,0
baseline,-42.163414,-7.314959,0
baseline,31.765453,-29.038948,9
baseline,-17.149422,-19.901318,3
baseline,-18.133814,-20.738848,3
baseline,36.455067,8.469082,5
baseline,51.34389,7.0851393,5
baseline,50.040283,3.968962,5
baseline,-17.005144,8.934523,3
baseline,-24.685957,-12.853683,0
baseline,13.510383,31.5675,8
baseline,-6.420128,28.720325,4
baseline,33.019527,-28.695204,9
baseline,11.616056,34.174973,8
baseline,17.022642,1.5450953,7
baseline,-16.239065,-13.690364,3
baseline,28.44611,-1.059941,7
baseline,-14.971003,-5.4487076,3
baseline,-4.108268,-52.058167,1
baseline,-13.605576,30.060488,4
baseline,9.582182,46.301266,8
baseline,-7.136087,-5.086452,4
baseline,51.086845,4.153963,5
baseline,-39.898796,-13.442092,0
baseline,-14.390476,-10.726798,1
baseline,-13.028869,-15.193857,1
baseline,39.27164,5.3389606,5
baseline,-17.336952,25.56524,4
baseline,49.093586,2.1688032,5
baseline,-7.383991,29.168915,4
baseline,-27.39769,16.800652,2
baseline,26.52969,-4.9121327,7
baseline,-12.816114,15.970479,6
baseline,35.215317,-15.563024,9
baseline,-9.345654,18.057743,4
baseline,24.665358,0.5565456,7
baseline,36.850243,-31.107248,9
baseline,-0.45845315,-39.955032,1
baseline,47.08534,10.409877,5
baseline,-8.822901,18.89954,2
baseline,38.052242,-22.133371,9
baseline,31.093075,-4.205323,5
baseline,30.76576,-19.905191,9
baseline,-42.518867,-1.5976185,0
baseline,-25.412512,15.967841,2
baseline,49.706486,6.217788,5
baseline,34.282852,-14.665061,9
baseline,-11.25447,25.809965,4
baseline,2.921225,-44.82509,1
baseline,-5.891206,-12.656703,3
baseline,-18.72229,27.662106,2
baseline,-37.464405,-7.2031655,0
baseline,19.410368,31.376436,8
baseline,35.603146,-24.928932,9
baseline,49.949738,5.821364,5
baseline,22.62188,3.3000152,7
baseline,32.624657,-29.142286,9
baseline,-6.916733,23.738756,2
baseline,-36.038532,0.60670716,6
baseline,-41.698383,-11.007312,0
baseline,37.530846,1.8385215,5
baseline,11.679764,40.920834,8
baseline,-1.909539,-51.702457,1
baseline,19.52154,37.162807,8
baseline,12.655778,42.27584,8
baseline,-36.36223,-0.6193431,0
baseline,-18.859455,-20.652348,3
baseline,-17.7331,-17.503595,3
baseline,31.03331,-31.020105,9
baseline,-26.744041,17.544403,2
baseline,-33.59232,-3.3210118,6
baseline,-12.360876,-12.818677,3
baseline,11.145421,45.255825,8
baseline,36.428474,8.474773,5
baseline,28.146816,-1.5046524,7
baseline,17.645168,34.08125,8
baseline,-40.61076,0.5213788,6
baseline,-28.98441,-2.1398432,0
baseline,26.922081,-13.610682,9
baseline,26.905825,-4.0661397,7
baseline,54.268658,7.5493007,5
baseline,-6.524387,-49.329422,1
baseline,-14.750328,-15.52844,3
baseline,19.138494,-0.59428096,7
baseline,10.466508,41.06465,8
baseline,-14.439764,30.477543,6
baseline,-14.197133,-14.486783,3
baseline,-18.991295,6.938282,2
baseline,23.632051,6.4517746,7
baseline,11.542725,42.68763,8
baseline,-23.247578,14.427589,2
baseline,-16.4418,9.483973,8
baseline,-6.9774976,-7.836013,3
baseline,-17.995365,12.893743,2
baseline,-43.09276,-8.683797,0
baseline,11.827675,34.432163,8
baseline,-37.83188,-7.6551104,0
baseline,-19.044592,27.437685,4
baseline,29.077774,-2.424411,7
baseline,-19.642193,4.829486,4
baseline,18.178816,45.035095,8
baseline,27.73715,-3.813464,7
baseline,-9.199451,11.08519,6
baseline,37.784916,8.022943,5
baseline,-10.589775,21.417978,4
baseline,15.844243,44.408306,8
baseline,13.462304,46.51516,8
baseline,52.087128,4.1379647,5
baseline,23.3842,2.2284129,7
baseline,-13.170435,30.327023,4
baseline,-6.5045652,11.477924,6
baseline,13.604436,39.932762,8
baseline,-11.503511,29.63373,4
baseline,-33.14686,-3.353645,6
baseline,-7.248847,-2.785052,4
baseline,-19.923828,4.0389643,2
baseline,26.936129,-3.34049,7
baseline,-17.261599,-17.370829,3
baseline,2.161975,-40.52181,1
baseline,-7.065834,0.033238847,4
baseline,34.49023,-27.707857,9
baseline,40.007053,-26.485323,5
baseline,-40.794582,-10.186931,0
baseline,-9.503854,10.0015335,6
baseline,-20.534445,10.631689,3
baseline,38.01385,4.0772843,5
baseline,-39.74609,0.19617607,6
baseline,16.930428,7.401647,7
baseline,30.380707,-12.411243,9
baseline,-26.047352,12.9987545,2
baseline,34.351048,-14.354812,9
baseline,-5.200243,26.829477,2
baseline,30.821787,-11.171837,7
baseline,19.530216,4.3029304,7
baseline,-0.7121895,-42.111393,1
baseline,-20.4225,-12.537359,3
baseline,-23.698526,15.560903,2
baseline,-8.830625,-0.50833714,4
baseline,-12.74699,-6.775299,3
baseline,-16.366228,10.683536,2
baseline,-35.196754,-2.143997,0
baseline,-8.6623955,31.329845,4
baseline,-8.203957,16.392693,6
baseline,-35.95985,-10.120131,0
baseline,15.716328,5.987621,7
baseline,3.714539,-41.239845,1
baseline,-13.177148,26.190752,4
baseline,-17.989288,16.054253,2
baseline,-7.903152,16.615685,6
baseline,-6.454967,-2.7215152,4
baseline,19.505903,35.989616,8
baseline,13.975226,48.89098,8
baseline,-4.255242,24.968775,2
baseline,32.603035,-26.394836,9
baseline,16.610672,38.1777,8
baseline,-27.468798,-2.0045254,0
baseline,52.417374,5.596472,5
baseline,-11.12387,13.05417,6
baseline,-12.659432,1.215947,3
baseline,-16.398691,-6.7718844,1
baseline,-42.49006,-9.3406,0
baseline,-3.9997754,21.56873,2
baseline,-18.730593,29.51198,4
baseline,-0.24225564,-51.253536,1
baseline,17.195381,44.98094,8
baseline,41.824642,8.34577,5
baseline,-10.65386,12.341594,6
baseline,-31.062822,-2.852407,0
baseline,-1.1722672,-53.381046,1
baseline,-0.915789,-40.286606,1
baseline,39.26684,1.7357135,5
baseline,-33.236748,-0.08391969,6
baseline,47.853794,4.244065,5
baseline,-36.585785,1.4978082,0
baseline,23.543207,-2.2812662,7
baseline,29.427954,-10.278212,7
baseline,39.765984,9.165429,5
baseline,-19.324724,-0.5592733,4
baseline,-20.36606,-19.555115,3
baseline,-17.437101,-17.511295,3
baseline,-7.0955625,1.4660023,4
baseline,38.64848,-26.997446,9
baseline,-22.27412,17.758732,2
baseline,-4.6963606,1.5613472,4
baseline,-23.779478,21.168518,2
baseline,-19.900011,-13.01592,3
baseline,-24.860065,-5.829846,0
baseline,37.940887,8.124667,5
baseline,-8.899134,10.299205,6
baseline,-9.766156,28.882956,4
baseline,22.15692,7.229791,7
baseline,-38.70833,-1.3304901,0
baseline,25.98248,2.8751678,5
baseline,-26.459217,-4.2401924,2
baseline,32.717358,-19.108398,9
baseline,33.122303,-23.565046,9
baseline,-48.181595,-8.481286,0
baseline,18.789286,1.4524956,7
baseline,-10.722471,13.552639,6
baseline,-26.62764,17.306524,2
baseline,-4.783458,-7.507245,3
baseline,1.668979,-44.798977,1
baseline,23.91246,0.26093274,7
baseline,-8.01433,20.232239,4
baseline,36.738045,8.506613,5
baseline,-20.338366,-13.959088,3
baseline,0.7460288,-41.130558,1
baseline,-6.799609,30.025805,4
baseline,46.167496,9.504476,5
baseline,22.614971,36.44433,8
baseline,-3.2570112,23.336971,2
baseline,-8.2396555,12.238196,6
baseline,-10.736483,22.501318,4
baseline,-24.130226,16.466917,2
baseline,30.325262,-8.703294,7
baseline,-17.539295,23.90592,4
baseline,30.318945,-4.342755,7
baseline,34.866215,-24.19545,9
baseline,-24.692348,-6.671729,3
baseline,-13.074576,16.356504,6
baseline,-17.510918,25.657688,4
baseline,49.398426,5.763316,5
baseline,28.117079,-17.720375,7
baseline,19.055393,32.883022,8
baseline,-18.121098,15.470836,2
baseline,0.78419775,-39.052505,1
baseline,14.687197,46.771107,8
baseline,-18.545345,-21.093493,3
baseline,-28.875776,20.791887,2
baseline,30.541061,-17.519825,9
baseline,-5.1598063,-13.037347,3
baseline,42.2213,1.0973265,5
baseline,32.397736,-32.946293,9
baseline,-3.388918,-40.676422,1
baseline,10.57646,41.964237,8
baseline,-14.532618,24.12314,4
baseline,51.94097,4.90737,5
baseline,-17.2092,-21.12694,3
baseline,14.256059,34.727314,8
baseline,-3.9212475,23.408215,2
baseline,36.577656,-23.404966,9
baseline,-15.172544,-13.436117,3
baseline,-19.290833,6.670944,2
baseline,-10.069122,20.287224,2
baseline,20.51798,-0.22518787,7
baseline,30.53,-3.2516034,7
baseline,-8.885751,-7.4808073,3
baseline,-8.649441,-13.251027,3
baseline,38.99377,-20.270412,9
baseline,17.380262,33.25906,8
baseline,-0.6184598,-50.30312,1
baseline,-15.017969,26.91184,4
baseline,53.230583,7.291444,5
baseline,-0.22869818,-50.66098,1
baseline,-42.168114,-4.9057527,0
baseline,-13.858591,-7.766288,3
baseline,39.706207,-28.045176,9
baseline,-2.9495745,-43.403854,1
baseline,-22.8563,4.276714,3
baseline,-46.317257,-5.582803,0
baseline,-26.844994,16.79459,2
baseline,-38.012314,0.38728067,0
baseline,-28.05216,-0.98819983,6
baseline,36.424088,-29.37396,9
baseline,-0.99764156,-47.285175,1
baseline,0.31194732,-48.69794,1
baseline,19.482462,2.8885977,7
baseline,-14.937347,-12.860727,3
baseline,-17.886099,-14.174847,3
baseline,-7.066413,31.448544,4
baseline,13.163513,41.16078,8
baseline,-26.369574,25.285067,6
baseline,-23.338655,18.802567,2
baseline,14.284172,45.25749,8
baseline,-8.11967,-12.300289,3
baseline,25.503824,1.2150652,7
baseline,-11.670293,21.92492,2
baseline,15.91456,48.64359,8
baseline,15.765612,45.74413,8
baseline,-15.293838,-13.564402,3
baseline,-14.048833,-15.555764,3
baseline,41.37748,8.432715,5
baseline,27.43774,-12.041068,7
baseline,17.490091,-3.499932,7
baseline,39.131516,7.280454,5
baseline,35.26888,-30.410456,9
baseline,21.573204,5.2972064,7
baseline,-2.6669798,-50.536495,1
baseline,-14.582035,-12.696283,3
baseline,-24.561003,-12.696484,0
baseline,25.435553,1.7595522,7
baseline,42.208073,1.0682123,5
baseline,17.40932,0.8491128,7
baseline,-14.884638,30.424822,4
baseline,-40.198727,-12.298148,0
baseline,20.313673,0.7269459,7
baseline,-10.859755,14.652608,6
baseline,-35.483284,0.83697397,6
baseline,27.634552,-11.309762,7
baseline,48.949535,1.0729775,5
baseline,35.58015,-30.517498,9
baseline,-3.579749,-44.217327,1
baseline,32.369904,-14.00613,9
baseline,21.64897,6.467081,7
baseline,2.7422311,-49.991745,1
baseline,-12.536977,-12.747939,3
baseline,-12.00494,20.50503,4
baseline,-10.855295,-40.22458,1
baseline,-15.704573,-12.207986,3
baseline,-24.214495,-4.6002426,1
baseline,-14.777505,20.44167,4
baseline,31.468155,-22.859505,9
baseline,24.794075,-2.242617,7
baseline,3.8077378,-49.154335,1
baseline,40.334877,2.6362345,5
baseline,-3.3987238,-38.40892,1
baseline,-9.234898,12.454533,6
baseline,15.192048,34.32882,8
baseline,10.929883,45.04531,8
baseline,-7.284289,12.38158,6
baseline,22.035688,35.359364,8
baseline,26.284422,-11.525613,7
baseline,52.816288,8.540236,5
baseline,-24.89785,-2.860164,0
baseline,35.215275,-29.86184,9
baseline,-10.689201,-10.2773485,3
baseline,50.10385,4.6371975,5
baseline,16.253046,46.02175,8
baseline,32.074745,-23.32226,9
baseline,-17.307968,19.699982,4
baseline,-23.892239,7.9743495,2
baseline,32.73685,-16.029547,9
baseline,-26.66332,15.077703,2
baseline,40.65716,6.406722,5
baseline,-13.538484,25.333923,4
baseline,32.569027,-26.622353,9
baseline,14.168019,47.708378,8
baseline,32.082794,-20.78222,9
baseline,-2.7201402,-42.570274,1
baseline,-6.8942776,-41.98832,1
baseline,17.510012,47.80915,8
baseline,-4.530059,-39.57499,1
baseline,-17.07906,32.370304,4
baseline,37.4118,-29.018055,9
baseline,40.657078,0.95073265,5
baseline,-13.076375,10.204561,4
baseline,43.46145,10.386113,5
baseline,-8.846675,15.548619,6
baseline,40.363438,10.687289,5
baseline,17.913542,-1.3696083,7
baseline,-7.7516775,-44.446205,1
baseline,-31.863514,-5.618033,0
baseline,31.458914,-19.447233,9
baseline,-6.4385347,-4.528444,4
baseline,35.36811,-29.061522,9
baseline,-26.511005,21.392298,2
baseline,-6.945607,6.0833898,6
baseline,-36.282635,-4.391321,6
baseline,-4.5061636,-51.674236,1
baseline,-43.678818,-4.3896894,0
baseline,30.922367,-10.461279,7
baseline,33.862453,-17.421343,9
baseline,-6.2606816,-12.631381,3
baseline,-21.201265,2.5746353,6
baseline,51.933647,6.8032136,5
baseline,-24.485949,-8.815116,0
baseline,13.730501,30.889389,8
baseline,-20.115217,28.534891,4
baseline,35.402824,-15.876965,9
baseline,-41.070057,-5.883478,0
baseline,29.537003,-10.432435,7
baseline,8.899447,44.90467,8
baseline,-13.01434,30.860367,4
baseline,16.08917,39.650463,8
baseline,-2.7592783,-46.595753,1
baseline,17.810717,2.1118035,7
baseline,27.14581,-10.283818,7
baseline,-33.638184,-4.218656,0
baseline,19.841398,37.40396,8
baseline,-18.297983,-19.432734,3
baseline,-12.638735,31.056513,4
baseline,-42.16983,-10.903328,0
baseline,-20.465513,12.595706,2
baseline,-21.242565,-10.208958,3
baseline,-11.479905,10.018431,6
baseline,21.023672,0.13637409,7
baseline,21.592182,-0.5913674,7
baseline,-27.639664,-4.215509,0
baseline,-10.468525,4.0631804,4
baseline,16.277437,31.953178,8
baseline,-42.582516,-10.27889,0
baseline,36.209435,-30.43402,9
baseline,39.00597,0.23703973,5
baseline,44.693985,0.019719116,5
baseline,-0.24005088,-40.867218,1
baseline,-22.788605,-18.266876,3
baseline,43.297318,8.5214615,5
baseline,-23.9967,19.837234,6
baseline,-9.185665,-6.127257,1
baseline,-5.3220177,11.376691,6
baseline,20.474405,5.0066895,7
baseline,52.003193,8.180119,5
baseline,-38.12381,-1.0182748,0
baseline,-20.461756,19.25464,6
baseline,-9.081049,22.698,2
baseline,-24.40215,-5.3227754,1
baseline,-11.288353,18.403399,2
baseline,46.87321,3.97298,5
baseline,52.001007,8.291638,5
baseline,-16.799065,32.071106,6
baseline,-27.376696,-7.785047,0
baseline,-12.164766,26.792599,4
baseline,-21.7625,17.309052,2
baseline,-28.331837,-4.2319307,0
baseline,11.222019,46.64979,8
baseline,-26.316082,26.378817,4
baseline,20.51636,33.215523,8
baseline,-21.403797,21.824512,2
baseline,2.4242141,-42.261486,1
baseline,-17.694674,-14.603848,3
baseline,37.823227,1.7454245,5
baseline,-19.053696,-9.853296,0
baseline,-13.181753,30.112085,4
baseline,35.858475,-33.390766,9
baseline,36.54909,-28.211882,9
baseline,-8.913403,16.829933,6
baseline,3.5552502,-41.632187,1
baseline,-5.0586925,-13.791098,3
baseline,33.008717,-24.452904,9
baseline,26.19912,-10.561504,7
baseline,-32.697006,-7.8886375,0
baseline,28.467485,-3.4735715,7
baseline,-5.4584537,-0.5866164,2
baseline,-7.5472217,-44.8006,1
baseline,21.94309,-1.9493312,7
baseline,16.720856,1.8833982,7
baseline,-10.01951,30.906736,4
baseline,-25.296965,15.775265,2
baseline,1.0277697,-42.731808,1
baseline,16.990076,2.8521605,7
baseline,2.8703845,-46.025684,1
baseline,-19.216936,15.912858,2
baseline,34.38732,-29.4256,9
baseline,-23.096197,17.141615,2
baseline,-35.879692,-8.707383,0
baseline,-10.5607195,-39.92874,1
baseline,48.20841,8.024544,5
baseline,-44.082886,-9.121179,0
baseline,-45.696186,-8.2160845,0
baseline,33.340633,-23.619982,9
baseline,-27.995255,-1.8260726,0
baseline,-18.394505,-9.033057,3
baseline,-17.418726,23.976385,4
baseline,19.925898,2.7792566,7
baseline,21.51919,1.1894841,7
baseline,-18.299267,-12.573546,3
baseline,-27.359814,16.817303,2
baseline,26.145248,-4.389923,7
baseline,-13.790943,31.24291,4
baseline,-24.855862,22.461025,2
baseline,-14.494065,2.8216114,2
baseline,-11.994862,-4.784726,4
baseline,32.730244,-26.656504,9
baseline,15.954932,5.8339667,7
baseline,-3.6517224,-45.783325,1
baseline,-13.728558,-16.910862,3
baseline,-20.616405,-17.938704,3
baseline,21.95655,1.23377,7
baseline,-26.576561,22.903616,6
baseline,-3.1682506,-47.286983,1
baseline,-27.908705,1.4188266,6
baseline,-14.163925,31.123997,4
baseline,43.32189,1.093351,5
baseline,-9.254912,28.298239,4
baseline,9.703672,34.06543,6
baseline,2.7797418,-41.24124,1
baseline,-7.2252216,23.610926,2
baseline,14.286806,33.865986,8
baseline,-23.150568,6.4405684,4
baseline,-25.834126,15.179593,2
baseline,36.456436,-28.410915,9
baseline,-37.554928,-0.6397381,0
baseline,-9.491134,15.704341,6
baseline,-7.754725,-4.679304,3
baseline,-14.567629,30.935396,4
baseline,-20.910912,-9.665958,3
baseline,-11.807718,12.798978,6
baseline,-10.101847,29.689217,4
baseline,-17.806559,-14.277037,3
baseline,29.862642,-21.726135,9
baseline,-11.332825,26.026003,4
baseline,-15.3493395,18.408579,4
baseline,-23.098688,13.3111725,2
baseline,-3.3407118,-49.41466,1
baseline,-39.995052,-10.08772,0
baseline,17.501947,48.096344,8
baseline,-6.213074,-9.212564,3
baseline,35.446323,-34.929333,9
baseline,-37.433403,-1.5199728,6
baseline,53.24223,6.7699165,5
baseline,43.405125,11.686129,5
baseline,-36.00507,-8.968864,0
baseline,-7.400705,-43.22273,1
baseline,-28.30242,-0.74703336,0
baseline,26.88506,-12.455672,7
baseline,-18.755766,29.825483,4
baseline,24.921373,4.0040526,7
baseline,30.254583,-10.801586,7
baseline,-44.845425,-2.399198,6
baseline,-16.727217,16.663692,2
baseline,15.965682,39.068275,8
baseline,-5.31749,-1.9692883,4
baseline,-10.366819,17.931997,6
baseline,9.111661,42.523903,8
baseline,37.743763,2.6419528,5
baseline,16.690275,34.29253,8
baseline,-12.15635,13.873212,6
baseline,-18.510702,25.849277,4
baseline,-5.0144396,22.233753,2
baseline,-9.8623495,14.701877,2
baseline,-10.219074,-8.624308,3
baseline,33.070724,-22.13876,9
baseline,-5.1157126,-46.26973,1
baseline,27.580515,-4.8603067,7
baseline,-45.5351,-9.136615,0
baseline,-10.974667,18.426544,6
baseline,38.528584,-20.797,9
baseline,28.389399,-17.538565,7
baseline,54.182045,7.611557,5
baseline,-14.155619,-11.872593,3
baseline,-8.769738,-13.331369,3
baseline,18.44467,-1.5681735,7
baseline,-28.791695,1.4907894,6
baseline,-4.324785,21.960962,2
dropout_0.2,-39.751034,13.473738,0
dropout_0.2,46.329784,-0.60841113,5
dropout_0.2,-4.3566217,-21.506964,2
dropout_0.2,27.98992,1.086946,7
dropout_0.2,-23.742144,-20.269365,6
dropout_0.2,-12.69883,-34.578773,2
dropout_0.2,-33.081673,-19.761421,6
dropout_0.2,22.767834,2.3518298,7
dropout_0.2,-9.745775,35.922794,3
dropout_0.2,14.846701,-36.046543,8
dropout_0.2,29.340868,-1.3747728,7
dropout_0.2,-25.083921,-17.83459,4
dropout_0.2,-34.97511,14.470899,0
dropout_0.2,-12.649004,3.2021644,3
dropout_0.2,-4.6144867,-7.0180054,4
dropout_0.2,-41.00106,12.1968775,0
dropout_0.2,28.099516,19.062943,9
dropout_0.2,-9.457933,40.791004,1
dropout_0.2,-5.6214695,0.5901098,3
dropout_0.2,22.31499,-2.3200607,7
dropout_0.2,-34.337196,9.285661,0
dropout_0.2,50.123257,0.3182886,5
dropout_0.2,-16.89487,-34.671467,4
dropout_0.2,-9.388951,10.658837,3
dropout_0.2,-12.990914,-17.06578,2
dropout_0.2,-10.154819,50.79812,1
dropout_0.2,46.187485,0.6452695,5
dropout_0.2,26.609283,5.788067,7
dropout_0.2,-32.25896,0.13784923,6
dropout_0.2,43.388382,4.4055586,5
dropout_0.2,-39.84326,12.245668,0
dropout_0.2,-33.936844,9.629866,0
dropout_0.2,58.016567,1.164857,5
dropout_0.2,19.417793,-44.753044,8
dropout_0.2,15.078724,-24.273314,8
dropout_0.2,-16.769129,-2.4055831,6
dropout_0.2,21.13747,-43.614063,8
dropout_0.2,30.10867,2.438675,7
dropout_0.2,-16.712175,-19.749226,2
dropout_0.2,-36.616596,11.657574,0
dropout_0.2,-9.508393,9.256392,3
dropout_0.2,-4.7259607,-20.501753,2
dropout_0.2,45.554764,9.108788,5
dropout_0.2,18.668552,-30.064354,8
dropout_0.2,-4.006989,40.838417,1
dropout_0.2,17.484594,-27.720858,8
dropout_0.2,-5.515227,-23.28549,2
dropout_0.2,19.54614,-34.82414,8
dropout_0.2,-11.772372,6.38798,3
dropout_0.2,-10.080541,-22.87557,2
dropout_0.2,-28.414188,5.8633313,6
dropout_0.2,-10.030745,11.27816,3
dropout_0.2,-12.694366,8.255457,0
dropout_0.2,-21.363356,-28.937328,4
dropout_0.2,-37.141994,5.4033475,0
dropout_0.2,-12.843504,-23.965315,2
dropout_0.2,20.019066,-39.67577,8
dropout_0.2,19.544811,-2.2499707,7
dropout_0.2,25.039083,11.002813,7
dropout_0.2,31.921322,6.8155813,7
dropout_0.2,-10.32314,39.499,1
dropout_0.2,-9.371618,0.4092865,3
dropout_0.2,26.837742,8.447386,7
dropout_0.2,-10.534169,9.029597,3
dropout_0.2,-3.0182388,48.036686,1
dropout_0.2,31.704224,8.363966,7
dropout_0.2,-23.23454,-26.621695,6
dropout_0.2,-22.241753,-30.023855,4
dropout_0.2,44.691994,2.95683,5
dropout_0.2,-31.920048,2.6928804,0
dropout_0.2,-6.410616,1.6507401,3
dropout_0.2,-36.624634,4.620741,0
dropout_0.2,27.895567,25.60433,9
dropout_0.2,-3.8669808,13.907989,3
dropout_0.2,-11.264375,40.288017,1
dropout_0.2,-7.103878,51.55126,1
dropout_0.2,-13.095031,-4.5629616,2
dropout_0.2,-8.566484,15.172591,3
dropout_0.2,-20.7696,-29.462801,4
dropout_0.2,-8.7738695,8.724818,3
dropout_0.2,-10.169732,45.333622,1
dropout_0.2,-13.225263,13.819745,3
dropout_0.2,-4.029614,14.872309,3
dropout_0.2,-36.152122,-18.026716,6
dropout_0.2,29.176943,24.007257,9
dropout_0.2,42.296913,3.0122554,5
dropout_0.2,-23.266779,-25.453775,4
dropout_0.2,-11.368747,39.981476,1
dropout_0.2,-7.6099424,46.274956,1
dropout_0.2,-14.301281,-15.801946,6
dropout_0.2,-19.780518,-26.17577,4
dropout_0.2,29.695904,24.90637,9
dropout_0.2,-26.223259,-19.253654,4
dropout_0.2,-11.337505,-27.859282,4
dropout_0.2,-6.9570746,0.49275172,3
dropout_0.2,-32.20564,0.6481449,6
dropout_0.2,-11.842608,44.09226,1
dropout_0.2,-30.332125,-18.509443,6
dropout_0.2,-11.042573,-22.369299,2
dropout_0.2,19.23361,-33.5253,8
dropout_0.2,25.4778,19.965975,9
dropout_0.2,30.554676,3.556852,7
dropout_0.2,-10.893459,-26.737803,2
dropout_0.2,-24.094893,-28.867807,4
dropout_0.2,-10.919585,9.266803,3
dropout_0.2,21.642818,22.87378,9
dropout_0.2,15.833197,-29.157846,8
dropout_0.2,-11.623213,-26.719765,2
dropout_0.2,-3.9832315,-22.091253,2
dropout_0.2,32.329044,9.35334,7
dropout_0.2,-37.184914,9.986316,0
dropout_0.2,-14.9925995,-15.2286215,2
dropout_0.2,-7.023031,45.265594,1
dropout_0.2,23.857805,19.432121,9
dropout_0.2,28.271666,24.485939,9
dropout_0.2,28.502123,1.8740965,7
dropout_0.2,31.845488,27.279785,9
dropout_0.2,-7.240001,47.765438,1
dropout_0.2,27.907585,25.238361,9
dropout_0.2,-24.124218,-6.506253,2
dropout_0.2,23.874075,27.984179,9
dropout_0.2,-13.695144,14.58406,3
dropout_0.2,19.128832,-22.419334,8
dropout_0.2,16.44369,-26.122494,8
dropout_0.2,20.809187,0.21860892,7
dropout_0.2,29.95136,8.6935215,7
dropout_0.2,-18.31705,-16.427979,2
dropout_0.2,-5.466748,1.2175701,3
dropout_0.2,-29.233685,8.385613,6
dropout_0.2,-15.116351,15.188335,3
dropout_0.2,-15.231005,-26.536018,4
dropout_0.2,-31.034971,9.866004,6
dropout_0.2,54.474598,1.8173865,5
dropout_0.2,-36.091167,9.7245455,0
dropout_0.2,-14.334885,-1.8907825,3
dropout_0.2,20.295675,-0.3534574,7
dropout_0.2,-27.757687,4.99042,0
dropout_0.2,-19.93481,3.2121487,6
dropout_0.2,-12.400109,-31.022715,2
dropout_0.2,44.198524,-3.5053513,5
dropout_0.2,-16.734081,6.6573453,0
dropout_0.2,-29.348698,6.268532,0
dropout_0.2,-5.0196753,-24.81138,2
dropout_0.2,-38.562332,10.926639,0
dropout_0.2,-36.706097,6.1208673,0
dropout_0.2,-20.05595,-16.227638,6
dropout_0.2,-16.577566,-22.384989,6
dropout_0.2,28.7407,20.107788,9
dropout_0.2,-7.999943,-9.163977,4
dropout_0.2,-22.885586,-28.913303,4
dropout_0.2,-26.551123,0.81996113,0
dropout_0.2,31.471045,4.123708,7
dropout_0.2,-22.170721,0.96529573,0
dropout_0.2,26.921314,34.056698,9
dropout_0.2,-12.75585,-31.825432,2
dropout_0.2,-28.863892,6.8663874,6
dropout_0.2,-12.852451,-33.29305,2
dropout_0.2,14.258557,-34.298428,8
dropout_0.2,14.112233,-35.20432,8
dropout_0.2,43.68644,6.0580297,5
dropout_0.2,-4.6932616,-9.819364,4
dropout_0.2,-12.289972,-17.206371,6
dropout_0.2,40.949844,4.1435637,5
dropout_0.2,42.059055,0.55503285,5
dropout_0.2,21.082888,-45.20863,8
dropout_0.2,-7.729705,40.98935,1
dropout_0.2,-5.743668,-6.664461,4
dropout_0.2,-10.51696,50.0695,1
dropout_0.2,-26.736282,-19.744217,6
dropout_0.2,-37.07013,9.539261,0
dropout_0.2,-20.291626,-28.821033,4
dropout_0.2,-5.360721,-22.956486,2
dropout_0.2,-38.49129,12.330585,0
dropout_0.2,26.77674,-5.8834586,7
dropout_0.2,20.551424,-2.6273515,7
dropout_0.2,50.009914,-2.3015149,5
dropout_0.2,-25.743553,-26.90132,4
dropout_0.2,-17.590235,-32.0568,4
dropout_0.2,-25.445385,-20.205854,2
dropout_0.2,27.411814,-0.5630772,5
dropout_0.2,28.812279,32.14826,9
dropout_0.2,-33.246223,0.1681311,6
dropout_0.2,27.750126,3.9425702,7
dropout_0.2,19.259033,-26.458704,8
dropout_0.2,-6.8814387,1.3038378,3
dropout_0.2,-13.058811,-2.0747569,8
dropout_0.2,-17.2669,-20.60483,2
dropout_0.2,-5.81235,-7.1801105,3
dropout_0.2,-10.850391,-20.8935,2
dropout_0.2,-14.967218,42.115055,1
dropout_0.2,23.911638,23.29615,9
dropout_0.2,21.232018,-40.968746,8
dropout_0.2,-9.680419,35.243988,1
dropout_0.2,22.821241,-5.385621,7
dropout_0.2,26.019226,-3.4619439,7
dropout_0.2,-6.516331,49.71934,1
dropout_0.2,-12.096563,39.72669,1
dropout_0.2,-6.4841146,42.229244,1
dropout_0.2,27.80453,16.11517,9
dropout_0.2,48.259468,3.3089852,5
dropout_0.2,-7.72261,52.058273,1
dropout_0.2,-12.419801,-20.305368,3
dropout_0.2,30.454296,9.363674,7
dropout_0.2,-10.806762,-1.2351493,4
dropout_0.2,-13.56342,-7.61081,4
dropout_0.2,-12.510993,-5.120344,2
dropout_0.2,16.01756,-27.98514,8
dropout_0.2,-8.14649,44.195477,1
dropout_0.2,28.65461,0.72583145,7
dropout_0.2,25.62667,-6.6911316,7
dropout_0.2,-21.401512,-30.23912,4
dropout_0.2,-9.646987,46.178402,1
dropout_0.2,-3.635708,-23.543776,2
dropout_0.2,-2.960099,-11.563248,4
dropout_0.2,-24.401602,-2.6848013,6
dropout_0.2,-5.4560437,6.5759335,2
dropout_0.2,-38.870014,10.668381,0
dropout_0.2,-36.9828,7.4663334,0
dropout_0.2,-25.328417,-18.16528,4
dropout_0.2,19.20768,-35.962345,8
dropout_0.2,-11.676524,7.164181,3
dropout_0.2,-18.542366,-25.227316,2
dropout_0.2,-11.353677,-8.460649,4
dropout_0.2,23.095743,-7.321392,7
dropout_0.2,17.856281,-25.602873,8
dropout_0.2,43.898365,-3.2949827,5
dropout_0.2,-18.50641,-23.338093,6
dropout_0.2,-9.656764,-4.6409607,6
dropout_0.2,-5.3766155,-4.3281097,3
dropout_0.2,29.12218,9.3984,7
dropout_0.2,-3.2884111,43.07824,1
dropout_0.2,-28.53204,-15.967827,6
dropout_0.2,26.493662,22.928984,9
dropout_0.2,41.12691,3.1330006,5
dropout_0.2,-5.808888,42.574753,1
dropout_0.2,-11.843633,-31.96047,2
dropout_0.2,-3.4344747,42.70003,1
dropout_0.2,19.269455,-21.933805,8
dropout_0.2,-20.408052,-26.957333,4
dropout_0.2,-17.31218,9.488503,3
dropout_0.2,-30.049335,-19.133245,6
dropout_0.2,45.816387,-1.3099339,5
dropout_0.2,-2.7122753,-22.89308,2
dropout_0.2,-20.71074,-29.253191,4
dropout_0.2,-18.841257,-25.009485,4
dropout_0.2,20.774834,-42.24391,8
dropout_0.2,53.791206,3.44222,5
dropout_0.2,39.59054,6.520627,5
dropout_0.2,-21.907837,4.2377896,0
dropout_0.2,29.664488,11.349174,7
dropout_0.2,-5.202394,2.907445,3
dropout_0.2,25.772163,2.1500196,7
dropout_0.2,31.029913,10.619045,7
dropout_0.2,-18.579857,-20.408976,4
dropout_0.2,26.406208,-0.22971384,7
dropout_0.2,25.342358,-7.130162,7
dropout_0.2,-18.882372,-0.82246417,0
dropout_0.2,25.550917,14.07501,7
dropout_0.2,-25.438135,-24.788519,4
dropout_0.2,23.369017,-6.618911,7
dropout_0.2,-4.4861183,5.606444,3
dropout_0.2,-22.090757,-0.2653719,0
dropout_0.2,29.689432,5.9192953,7
dropout_0.2,48.24505,-2.4400826,5
dropout_0.2,-14.495642,-4.7715063,6
dropout_0.2,24.687138,-5.301602,7
dropout_0.2,17.851429,-34.968094,8
dropout_0.2,14.623653,-26.82933,6
dropout_0.2,-21.765762,2.3693242,2
dropout_0.2,-8.815851,49.195194,1
dropout_0.2,30.627924,19.215261,9
dropout_0.2,15.4567795,-38.2832,8
dropout_0.2,-24.023735,7.3688593,0
dropout_0.2,56.129795,-0.05580457,5
dropout_0.2,20.874771,-43.826485,8
dropout_0.2,30.063923,21.398457,9
dropout_0.2,-12.437448,0.92641187,1
dropout_0.2,-21.612776,0.6633246,6
dropout_0.2,-11.940399,-32.555866,2
dropout_0.2,-40.09275,10.48489,0
dropout_0.2,-15.160464,41.482693,1
dropout_0.2,-10.835019,35.768356,1
dropout_0.2,17.293108,-22.207317,8
dropout_0.2,-3.8835835,16.688046,3
dropout_0.2,27.67969,29.660433,9
dropout_0.2,-21.018194,-14.540258,6
dropout_0.2,30.510565,11.174257,7
dropout_0.2,-17.454353,-24.05577,6
dropout_0.2,25.557528,25.771965,9
dropout_0.2,-8.37253,6.8057337,3
dropout_0.2,-20.961067,0.078927696,6
dropout_0.2,-8.79935,11.999168,3
dropout_0.2,-16.997414,-29.64383,4
dropout_0.2,23.969591,17.880192,9
dropout_0.2,-7.0645833,-19.953516,2
dropout_0.2,24.526405,-7.2074666,7
dropout_0.2,-25.28396,-2.5035326,0
dropout_0.2,-6.036435,-7.8211465,4
dropout_0.2,29.908627,28.943422,9
dropout_0.2,22.793768,0.056984533,7
dropout_0.2,-9.429859,-18.509628,6
dropout_0.2,-10.404071,7.7073574,3
dropout_0.2,-26.946121,-17.05233,6
dropout_0.2,-3.3358731,13.629849,3
dropout_0.2,-31.891048,10.590928,0
dropout_0.2,-17.31058,-32.050297,4
dropout_0.2,22.276762,-41.90922,8
dropout_0.2,-32.641083,0.6062542,6
dropout_0.2,-4.3477516,44.63286,1
dropout_0.2,-6.212174,0.37955162,3
dropout_0.2,48.16929,-0.8749611,5
dropout_0.2,-12.482606,7.070111,3
dropout_0.2,-13.353909,-0.8290633,0
dropout_0.2,-20.45176,1.9549522,6
dropout_0.2,-13.0701275,44.934574,1
dropout_0.2,19.453053,-23.273136,8
dropout_0.2,-16.446024,-17.721502,2
dropout_0.2,-36.58309,13.0043335,0
dropout_0.2,17.697176,-44.396545,0
dropout_0.2,-20.45379,-30.437445,4
dropout_0.2,54.70396,0.8281838,5
dropout_0.2,-17.722837,-19.8835,2
dropout_0.2,-34.261196,3.8046896,0
dropout_0.2,26.882275,10.159191,7
dropout_0.2,23.352163,-5.1121716,7
dropout_0.2,-31.201757,-17.776213,6
dropout_0.2,-18.537426,5.071936,6
dropout_0.2,-32.620697,-20.66729,6
dropout_0.2,14.844153,-33.41395,8
dropout_0.2,-28.90708,8.256667,6
dropout_0.2,-24.216139,-30.725626,4
dropout_0.2,-36.700348,8.367571,0
dropout_0.2,-20.012365,5.3912225,0
dropout_0.2,-31.78063,-20.584448,6
dropout_0.2,-20.304878,8.973594,3
dropout_0.2,23.301933,21.262856,7
dropout_0.2,32.66449,8.264348,5
dropout_0.2,-32.090385,-14.706616,6
dropout_0.2,-13.124673,-10.548404,6
dropout_0.2,-5.989965,41.562057,1
dropout_0.2,-5.616257,-6.074178,4
dropout_0.2,21.55878,-5.1686187,7
dropout_0.2,-4.773177,-6.9578695,4
dropout_0.2,-11.787021,-27.419903,2
dropout_0.2,26.457539,13.108964,7
dropout_0.2,21.535555,-41.570103,8
dropout_0.2,-14.960937,42.045498,1
dropout_0.2,-14.504583,6.149345,0
dropout_0.2,30.068203,33.875896,9
dropout_0.2,18.081497,-22.967066,8
dropout_0.2,28.454899,31.48446,9
dropout_0.2,-12.280209,-25.502167,2
dropout_0.2,43.389824,0.18737936,5
dropout_0.2,27.32085,29.683714,9
dropout_0.2,-2.6322725,-9.660188,4
dropout_0.2,-34.979645,-19.117613,6
dropout_0.2,-5.488103,42.84313,1
dropout_0.2,47.274033,3.08998,5
dropout_0.2,-2.5600867,12.677337,3
dropout_0.2,27.671013,30.807066,9
dropout_0.2,19.978315,-34.478497,8
dropout_0.2,30.027864,7.3609185,7
dropout_0.2,27.650127,32.656185,9
dropout_0.2,-19.331156,-25.616083,6
dropout_0.2,27.789528,4.8847733,5
dropout_0.2,-29.406809,2.8697357,0
dropout_0.2,-14.611784,-2.48641,2
dropout_0.2,-8.2691765,7.0610313,3
dropout_0.2,-16.557306,-29.117548,2
dropout_0.2,-21.008247,7.9806395,0
dropout_0.2,18.614956,-36.79298,8
dropout_0.2,22.218103,-6.6268187,7
dropout_0.2,24.655203,21.066471,9
dropout_0.2,53.54113,-1.4914887,5
dropout_0.2,-28.973217,-18.634432,6
dropout_0.2,28.690207,11.948559,7
dropout_0.2,25.079397,24.477278,9
dropout_0.2,-21.646158,-2.5347736,6
dropout_0.2,23.934147,0.54868585,7
dropout_0.2,-11.932861,-26.59495,6
dropout_0.2,-35.408512,7.8545494,0
dropout_0.2,-20.35625,-19.821577,2
dropout_0.2,14.228954,-34.679676,8
dropout_0.2,-18.895779,-22.631344,2
dropout_0.2,19.70007,-22.735672,8
dropout_0.2,33.063614,25.468431,5
dropout_0.2,-8.104594,-9.640516,4
dropout_0.2,25.293497,14.233865,7
dropout_0.2,-24.035091,1.0116829,6
dropout_0.2,-13.903122,-32.519745,2
dropout_0.2,24.817211,14.358839,5
dropout_0.2,-35.67226,6.9278383,0
dropout_0.2,-9.587248,45.932945,1
dropout_0.2,21.388319,-42.636246,8
dropout_0.2,-35.52519,7.760177,0
dropout_0.2,31.336615,20.771908,9
dropout_0.2,-30.205227,-17.820263,6
dropout_0.2,-31.974678,-14.598434,6
dropout_0.2,-12.200381,-15.749183,6
dropout_0.2,31.478462,21.364521,9
dropout_0.2,-20.572369,-19.999596,4
dropout_0.2,26.16258,-3.2949517,7
dropout_0.2,-5.7988825,-8.292209,4
dropout_0.2,-19.230476,5.7460985,3
dropout_0.2,-8.397233,-2.992133,3
dropout_0.2,30.58575,26.693802,9
dropout_0.2,-11.947307,41.066414,1
dropout_0.2,29.413939,31.894535,9
dropout_0.2,-27.80079,9.040666,0
dropout_0.2,-19.931152,-32.509136,4
dropout_0.2,28.552717,-0.5189576,7
dropout_0.2,-7.946906,-9.511949,6
dropout_0.2,-5.8131614,2.745264,3
dropout_0.2,-22.83039,-27.98956,4
dropout_0.2,44.657654,1.1362717,5
dropout_0.2,-13.002757,-28.443611,2
dropout_0.2,-7.6461897,38.64802,1
dropout_0.2,-8.261255,-23.761229,2
dropout_0.2,-7.42805,-8.617223,4
dropout_0.2,-26.788301,-20.101032,6
dropout_0.2,-31.02709,-19.522814,6
dropout_0.2,-9.706206,0.047964294,4
dropout_0.2,31.37531,32.06654,9
dropout_0.2,-6.690197,-7.6419835,4
dropout_0.2,-39.068413,14.46732,0
dropout_0.2,-32.73203,1.1729859,6
dropout_0.2,-2.7986505,47.36911,1
dropout_0.2,16.909098,-25.906324,8
dropout_0.2,-6.2323017,0.09653715,3
dropout_0.2,28.953238,30.937521,9
dropout_0.2,26.16899,24.613033,9
dropout_0.2,14.611109,-35.664482,8
dropout_0.2,-8.136902,35.453518,1
dropout_0.2,-5.397981,0.96807057,3
dropout_0.2,-29.029428,9.223487,0
dropout_0.2,44.704227,-1.1389581,5
dropout_0.2,-23.829865,7.8164997,0
dropout_0.2,31.154732,10.874893,7
dropout_0.2,16.35778,-38.053406,8
dropout_0.2,20.000618,-0.93045765,7
dropout_0.2,33.057343,28.73265,9
dropout_0.2,-16.16403,-33.750595,4
dropout_0.2,20.05972,-43.162495,8
dropout_0.2,-33.04417,0.87608564,6
dropout_0.2,25.000175,26.90237,9
dropout_0.2,-29.183384,-19.120794,6
dropout_0.2,23.777493,-0.04715784,7
dropout_0.2,27.635845,31.59907,9
dropout_0.2,-13.953595,-31.826162,2
dropout_0.2,30.188944,33.869686,9
dropout_0.2,-11.38241,50.144768,1
dropout_0.2,-29.24882,5.284135,0
dropout_0.2,44.064064,6.8918524,5
dropout_0.2,-9.7336035,-21.659815,2
dropout_0.2,-9.301349,35.254124,1
dropout_0.2,-22.724794,1.3975085,6
dropout_0.2,31.431673,24.3857,9
dropout_0.2,29.412918,4.8168197,5
dropout_0.2,-5.2921324,-5.687157,4
dropout_0.2,31.381008,27.788374,9
dropout_0.2,-3.9543502,0.6202151,3
dropout_0.2,-9.011946,13.189208,3
dropout_0.2,-3.7003675,16.934963,3
dropout_0.2,43.822845,6.34824,5
dropout_0.2,30.20316,30.19592,9
dropout_0.2,-13.857231,9.588233,3
dropout_0.2,24.775751,22.801004,9
dropout_0.2,-18.709072,-3.926647,6
dropout_0.2,20.88769,-43.532745,8
dropout_0.2,19.088987,-38.975563,8
dropout_0.2,17.764559,-31.032307,8
dropout_0.2,19.912321,-22.522894,8
dropout_0.2,43.54395,1.1372143,5
dropout_0.2,25.4619,1.0677538,7
dropout_0.2,42.27096,6.0315323,5
dropout_0.2,-6.988736,-20.002527,6
dropout_0.2,-10.937393,-18.44817,2
dropout_0.2,-38.156372,7.818723,0
dropout_0.2,-34.944435,6.7182865,0
dropout_0.2,15.220107,-27.074932,8
dropout_0.2,-38.48413,12.635384,0
dropout_0.2,-25.653576,2.634151,6
dropout_0.2,-14.206993,-6.3191414,6
dropout_0.2,-29.06243,8.977454,0
dropout_0.2,33.14495,28.3645,9
dropout_0.2,-14.832083,-32.237984,2
dropout_0.2,-22.317913,3.8081028,2
dropout_0.2,55.47886,3.380276,5
dropout_0.2,-32.597244,-19.597452,6
dropout_0.2,26.379206,21.987759,9
dropout_0.2,-12.437685,-32.689487,2
dropout_0.2,-17.770807,-35.63735,4
dropout_0.2,29.640383,0.6868931,7
dropout_0.2,21.15472,0.64090693,7
dropout_0.2,38.921795,3.6590562,5
dropout_0.2,21.417337,-0.69828814,7
dropout_0.2,-9.030708,45.103794,1
dropout_0.2,-12.751717,-34.335064,2
dropout_0.2,-5.549452,15.916839,3
dropout_0.2,-7.1512613,39.675804,1
dropout_0.2,-7.2999196,48.626366,1
dropout_0.2,-29.18409,8.89588,0
dropout_0.2,-2.2389002,11.904889,3
dropout_0.2,-23.391954,-27.65246,2
dropout_0.2,-5.705963,-20.590628,2
dropout_0.2,23.120632,0.775875,7
dropout_0.2,24.449137,28.28883,9
dropout_0.2,-22.1213,6.900981,0
dropout_0.2,25.7956,19.84424,9
dropout_0.2,29.257002,11.311687,7
dropout_0.2,-16.402334,1.5102031,6
dropout_0.2,24.012001,-5.0214977,7
dropout_0.2,49.81327,-4.2386913,5
dropout_0.2,-30.09326,-18.952038,4
dropout_0.2,-5.416583,-22.962427,2
dropout_0.2,26.17671,2.1702502,7
dropout_0.2,-4.2919474,-9.520706,4
dropout_0.2,15.711813,-38.359924,8
dropout_0.2,-6.8179555,49.728775,1
dropout_0.2,-40.175716,10.534631,0
dropout_0.2,18.35619,-24.309605,8
dropout_0.2,-18.983963,1.5649507,6
dropout_0.2,20.355036,-2.2564666,7
dropout_0.2,26.21054,25.647198,9
dropout_0.2,20.62959,-36.551193,8
dropout_0.2,22.733679,-2.391991,7
dropout_0.2,-34.335632,10.802405,0
dropout_0.2,20.226105,-45.791016,8
dropout_0.2,-17.343372,-31.46119,4
dropout_0.2,46.903206,-0.65318537,5
dropout_0.2,-19.289812,-0.6986626,0
dropout_0.2,28.54221,11.121037,7
dropout_0.2,-11.754109,46.84186,1
dropout_0.2,29.435656,10.958238,7
dropout_0.2,-10.220154,51.626198,1
dropout_0.2,-9.30129,-0.42045018,3
dropout_0.2,-19.480808,-24.489231,4
dropout_0.2,-10.514748,49.476105,1
dropout_0.2,26.909569,25.446222,9
dropout_0.2,22.967134,-4.1059875,7
dropout_0.2,-16.82959,-33.091873,4
dropout_0.2,17.753838,-27.480843,8
dropout_0.2,-22.29272,-22.999008,4
dropout_0.2,19.243969,-32.455288,8
dropout_0.2,-14.963988,6.1693807,3
dropout_0.2,38.28745,4.2291527,5
dropout_0.2,25.120525,1.3287356,7
dropout_0.2,-4.3583107,5.6645794,3
dropout_0.2,20.024956,-42.803513,8
dropout_0.2,31.239319,29.966925,9
dropout_0.2,-15.007298,13.6142,1
dropout_0.2,-15.386912,-2.1396651,3
dropout_0.2,-21.043648,6.263072,6
dropout_0.2,-2.413559,-8.535493,4
dropout_0.2,-39.799904,13.198994,0
dropout_0.2,-13.3481455,6.544079,3
dropout_0.2,38.001846,8.163635,5
dropout_0.2,-15.356869,-1.4795876,6
dropout_0.2,-16.267996,-32.292774,2
dropout_0.2,19.250603,-34.742645,8
dropout_0.2,-4.605034,16.058445,3
dropout_0.2,-3.263747,-10.022493,4
dropout_0.2,-35.76708,-18.113209,6
dropout_0.2,-18.458769,-17.773146,2
dropout_0.2,27.21455,11.85815,7
dropout_0.2,-18.503649,-0.17376192,6
dropout_0.2,-9.337665,47.072662,1
dropout_0.2,22.903572,17.44616,9
dropout_0.2,25.953154,-1.3344938,7
dropout_0.2,18.81159,-23.970158,8
dropout_0.2,-7.297491,43.793964,1
dropout_0.2,-24.657633,-25.047306,6
dropout_0.2,-40.660053,9.247536,0
dropout_0.2,30.781517,22.613123,9
dropout_0.2,-32.572838,5.12326,0
dropout_0.2,14.014904,-28.810764,8
dropout_0.2,24.09053,21.95871,9
dropout_0.2,43.85563,-2.6500416,5
dropout_0.2,-27.34292,6.6034417,0
dropout_0.2,38.540573,7.8719883,5
dropout_0.2,-12.334178,-2.7217648,0
dropout_0.2,-4.4816165,41.853516,1
dropout_0.2,-7.070908,-9.248668,4
dropout_0.2,-11.995316,44.197906,1
dropout_0.2,-29.490078,2.0140824,6
dropout_0.2,48.434204,0.6101291,5
dropout_0.2,-7.256449,13.563663,3
dropout_0.2,17.654024,-40.53707,8
dropout_0.2,28.029871,9.599461,7
dropout_0.2,-33.895954,-18.893644,6
dropout_0.2,-19.315931,-33.30557,4
dropout_0.2,-8.018041,11.379068,3
dropout_0.2,-14.412402,-22.540205,4
dropout_0.2,-9.324736,46.273746,1
dropout_0.2,-13.411242,-0.16056052,3
dropout_0.2,-9.209948,44.315723,1
dropout_0.2,-21.651627,-14.567777,6
dropout_0.2,20.65167,0.25291657,7
dropout_0.2,-24.771038,2.4879642,2
dropout_0.2,-34.403263,-16.08424,6
dropout_0.2,17.682018,-37.972504,8
dropout_0.2,-18.171047,-33.64213,4
dropout_0.2,37.49238,7.0551777,5
dropout_0.2,-31.995653,7.829724,0
dropout_0.2,-14.733203,-31.607286,2
dropout_0.2,-4.47011,6.195594,3
dropout_0.2,19.468191,-45.468643,8
dropout_0.2,27.59971,-1.2465056,7
dropout_0.2,-17.644543,3.9215958,3
dropout_0.2,42.58047,-0.21490154,5
dropout_0.2,-35.615,8.484274,0
dropout_0.2,50.471527,0.5031072,5
dropout_0.2,-20.037666,-32.241642,4
dropout_0.2,-24.98704,-4.0112004,2
dropout_0.2,-5.5493975,50.53926,1
dropout_0.2,48.230537,-3.4867868,5
dropout_0.2,-8.929424,43.24606,1
dropout_0.2,-23.50235,7.7454386,0
dropout_0.2,23.595222,2.6174448,7
dropout_0.2,26.803835,17.628012,9
dropout_0.2,-18.853882,-34.603386,4
dropout_0.2,48.328007,-1.1554424,5
dropout_0.2,-21.210241,-31.289797,4
dropout_0.2,43.99515,-0.37669268,5
dropout_0.2,-14.836317,-33.545673,4
dropout_0.2,26.233644,29.751772,9
dropout_0.2,54.67342,1.3931563,5
dropout_0.2,46.317963,-6.0333047,5
dropout_0.2,-10.758988,-22.316593,2
dropout_0.2,-2.7774553,46.795418,1
dropout_0.2,31.165358,-2.9439619,5
dropout_0.2,29.195223,23.008434,9
dropout_0.2,21.051954,-45.712795,8
dropout_0.2,-4.7787886,-21.543848,2
dropout_0.2,-37.99564,8.492431,0
dropout_0.2,52.905285,-2.0718868,5
dropout_0.2,-16.538912,-6.2928333,2
dropout_0.2,27.47665,2.23499,7
dropout_0.2,32.816402,25.680784,5
dropout_0.2,26.502968,26.190046,9
dropout_0.2,-8.871744,8.686382,3
dropout_0.2,-26.003576,-16.614546,0
dropout_0.2,29.430311,7.0329304,7
dropout_0.2,32.268948,26.691141,9
dropout_0.2,-11.914276,13.070764,3
dropout_0.2,26.59671,0.8277566,7
dropout_0.2,-6.395352,50.745346,1
dropout_0.2,38.86764,3.8489962,5
dropout_0.2,-7.5898337,9.2282,3
dropout_0.2,-5.9186096,47.17175,1
dropout_0.2,23.105034,26.873007,9
dropout_0.2,-7.103563,-10.733611,4
dropout_0.2,-24.603672,-23.67115,4
dropout_0.2,-33.94365,-17.868586,6
dropout_0.2,-34.475647,-17.13456,6
dropout_0.2,-14.68359,-19.559938,6
dropout_0.2,-6.5029855,-24.41917,2
dropout_0.2,-41.736637,11.318246,0
dropout_0.2,-2.9677236,-22.772076,2
dropout_0.2,-17.009438,-31.86737,4
dropout_0.2,21.748116,-3.0536106,7
dropout_0.2,-14.966658,-15.01085,6
dropout_0.2,-9.429229,13.549533,3
dropout_0.2,17.958971,-30.932314,8
dropout_0.2,-22.673388,1.5026126,0
dropout_0.2,-32.093273,9.396698,0
dropout_0.2,16.576965,-21.573767,8
dropout_0.2,-16.718803,-7.37253,2
dropout_0.2,-20.37984,7.003012,6
dropout_0.2,22.482206,17.410358,9
dropout_0.2,22.474607,0.1530848,7
dropout_0.2,-11.617624,40.40808,1
dropout_0.2,-6.576398,14.815057,3
dropout_0.2,-12.763301,-4.5027113,3
dropout_0.2,-3.269391,-21.859459,2
dropout_0.2,16.428173,-24.785334,8
dropout_0.2,-15.759563,-16.445557,2
dropout_0.2,-8.580773,-3.117296,3
dropout_0.2,-20.71093,9.505952,0
dropout_0.2,14.727896,-28.434286,8
dropout_0.2,-9.103463,-8.324467,6
dropout_0.2,-14.234104,-15.97063,2
dropout_0.2,-33.88779,5.720052,0
dropout_0.2,-9.211832,40.14148,1
dropout_0.2,-20.297926,3.272281,0
dropout_0.2,31.275377,29.188269,9
dropout_0.2,-39.13218,9.755676,0
dropout_0.2,15.376813,-39.282288,8
dropout_0.2,-15.463018,-32.46052,2
dropout_0.2,-10.002272,6.8751383,3
dropout_0.2,-37.048508,8.13952,0
dropout_0.2,-12.6476755,-28.325777,2
dropout_0.2,19.790964,-22.695766,8
dropout_0.2,-8.737938,-21.99742,2
dropout_0.2,-5.2200522,14.172642,3
dropout_0.2,56.19053,-0.9922308,5
dropout_0.2,26.134499,22.35023,9
dropout_0.2,54.601604,0.865389,5
dropout_0.2,-2.0963125,-6.9257736,3
dropout_0.2,-31.676937,-0.4032525,6
dropout_0.2,-15.316493,-18.04147,2
dropout_0.2,41.13165,-1.6858332,5
dropout_0.2,19.176329,-33.99907,8
dropout_0.2,-17.393919,-33.06781,4
dropout_0.2,-8.197463,50.049618,1
dropout_0.2,-6.1799984,-0.1278033,3
dropout_0.2,-34.20691,13.149983,0
dropout_0.2,-8.554761,-1.1088004,3
dropout_0.2,-10.545809,-21.9731,2
dropout_0.2,22.349253,-1.4342551,7
dropout_0.2,-3.5839756,17.192947,3
dropout_0.2,-3.676811,-9.274088,4
dropout_0.2,-17.899622,6.065131,6
dropout_0.2,-10.734391,48.178955,1
dropout_0.2,-35.55288,-19.939465,6
dropout_0.2,30.874996,5.965816,7
dropout_0.2,30.990967,28.508139,9
dropout_0.2,15.749406,-38.92845,8
dropout_0.2,30.255388,30.635239,9
dropout_0.2,-18.667734,-18.420916,2
dropout_0.2,-7.974978,43.1159,1
dropout_0.2,-11.923126,-16.917812,2
dropout_0.2,-8.410751,13.282036,3
dropout_0.2,-8.074783,-8.540565,4
dropout_0.2,-4.357374,10.634434,3
dropout_0.2,24.603025,27.476488,9
dropout_0.2,19.020454,-37.452465,8
dropout_0.2,56.98449,0.76417917,5
dropout_0.2,47.50289,-1.4208584,5
dropout_0.2,23.524712,-5.5044928,7
dropout_0.2,46.971844,-6.452371,5
dropout_0.2,-8.530199,-21.767065,2
dropout_0.2,-8.952768,40.266613,1
dropout_0.2,-4.491154,-2.5863953,4
dropout_0.2,15.412452,-28.833872,8
dropout_0.2,43.346134,-0.6313899,5
dropout_0.2,-30.772207,-19.355787,6
dropout_0.2,-11.656951,10.752768,3
dropout_0.2,-10.855117,-24.841574,2
dropout_0.2,32.27139,22.75661,9
dropout_0.2,-9.120295,50.171257,1
dropout_0.2,18.691645,-22.041689,8
dropout_0.2,-28.11395,4.9254107,0
dropout_0.2,-19.917585,3.159599,6
dropout_0.2,30.572548,-2.5250046,7
dropout_0.2,-19.875187,-16.584978,2
dropout_0.2,29.97196,13.010268,9
dropout_0.2,22.911106,-4.609684,7
dropout_0.2,44.42191,-3.7751174,5
dropout_0.2,40.35223,6.2392416,5
dropout_0.2,-4.581027,47.09181,1
dropout_0.2,44.60162,-0.2692512,5
dropout_0.2,23.806635,10.448901,7
dropout_0.2,-22.712555,-28.162502,4
dropout_0.2,43.375465,0.8166715,5
dropout_0.2,23.914732,-1.2613834,7
dropout_0.2,46.973408,-6.4596486,5
dropout_0.2,14.131014,-27.195421,8
dropout_0.2,13.649905,-29.458178,8
dropout_0.2,-10.623607,-18.359657,2
dropout_0.2,16.070553,-30.723803,8
dropout_0.2,-2.6181047,-21.504114,2
dropout_0.2,15.2247505,-38.38887,8
dropout_0.2,-7.1615486,50.643494,1
dropout_0.2,-5.933975,14.262628,3
dropout_0.2,26.681883,32.978477,9
dropout_0.2,-3.9007096,14.51515,3
dropout_0.2,-20.486511,-20.714666,2
dropout_0.2,-38.699276,8.16104,0
dropout_0.2,20.026033,-43.856373,8
dropout_0.2,-15.60363,-14.606815,2
dropout_0.2,-18.125254,-31.277819,4
dropout_0.2,44.284454,0.040330686,5
dropout_0.2,-35.753704,3.302177,0
dropout_0.2,-18.557568,-22.499502,2
dropout_0.2,-17.248343,11.127099,3
dropout_0.2,-37.73225,10.0829525,0
dropout_0.2,18.708662,-25.869162,8
dropout_0.2,-34.081924,0.1292907,6
dropout_0.2,52.070248,1.7072358,5
dropout_0.2,19.277275,-32.318386,8
dropout_0.2,27.564009,28.508678,9
dropout_0.2,-31.660746,-0.81654596,6
dropout_0.2,-24.425108,-28.16658,4
dropout_0.2,31.712229,20.84938,9
dropout_0.2,-3.6579437,-11.09853,4
dropout_0.2,-16.152607,-21.032232,2
dropout_0.2,31.471474,12.466968,7
dropout_0.2,-7.6444993,-1.0565957,3
dropout_0.2,32.267563,22.231995,9
dropout_0.2,-30.065731,-16.150692,6
dropout_0.2,26.561846,32.34589,9
dropout_0.2,-27.022669,-18.021742,4
dropout_0.2,-17.681112,9.354911,0
dropout_0.2,24.025509,27.9597,9
dropout_0.2,-16.280174,-18.819832,2
dropout_0.2,24.60773,1.6651857,7
dropout_0.2,-7.7253485,46.034294,1
dropout_0.2,-19.053299,2.6753454,0
dropout_0.2,25.045254,23.757816,9
dropout_0.2,-7.7711453,38.06877,1
dropout_0.2,30.11232,1.1562324,7
dropout_0.2,26.30604,-6.1863613,7
dropout_0.2,-11.610526,-22.421759,2
dropout_0.2,29.038136,14.224153,9
dropout_0.2,-34.07554,-18.500643,6
dropout_0.2,-4.4778705,7.567457,3
dropout_0.2,20.385746,-36.548443,8
dropout_0.2,-7.0741477,44.696796,1
dropout_0.2,-14.991293,-0.9291986,6
dropout_0.2,-5.1605825,50.472385,1
dropout_0.2,-14.552577,42.935314,1
dropout_0.2,23.886213,-6.8832245,7
dropout_0.2,17.71649,-34.753887,8
dropout_0.2,-9.13494,42.912086,1
dropout_0.2,-28.82667,-17.730747,6
dropout_0.2,-7.5604906,41.43124,1
dropout_0.2,43.298862,2.8577561,5
dropout_0.2,-32.96839,-18.40977,6
dropout_0.2,-13.089342,-27.723404,4
dropout_0.2,20.512356,-37.73871,8
dropout_0.2,-35.464767,12.374708,0
dropout_0.2,14.320249,-28.903908,8
dropout_0.2,27.07734,33.830494,9
dropout_0.2,13.922944,-26.999844,8
dropout_0.2,-5.6173677,48.27501,1
dropout_0.2,31.456589,2.6616008,7
dropout_0.2,-15.042493,8.047765,3
dropout_0.2,20.030037,-36.226574,8
dropout_0.2,-20.480255,6.839502,6
dropout_0.2,-12.457575,39.848793,1
dropout_0.2,-4.942252,47.927307,1
dropout_0.2,-11.9494,13.594206,3
dropout_0.2,49.400414,0.0035633708,5
dropout_0.2,20.565804,-44.98437,8
dropout_0.2,-11.2001915,-26.896822,2
dropout_0.2,-3.437717,11.143493,3
dropout_0.2,-10.74196,36.715805,1
dropout_0.2,-4.774109,-8.677321,4
dropout_0.2,17.310078,-26.886227,8
dropout_0.2,17.665369,-24.970226,8
dropout_0.2,-10.967262,-30.892782,2
dropout_0.2,-19.15791,-26.41942,4
dropout_0.2,29.058065,25.348019,9
dropout_0.2,-20.86904,-31.839516,4
dropout_0.2,53.13537,4.5175595,5
dropout_0.2,21.292175,-0.52976817,7
dropout_0.2,-10.529466,42.16766,1
dropout_0.2,25.387892,17.674702,9
dropout_0.2,-21.564325,-20.899788,4
dropout_0.2,-4.5627966,-9.530781,4
dropout_0.2,-4.2858753,42.10639,1
dropout_0.2,-18.521408,-17.09032,2
dropout_0.2,17.325298,-42.931828,8
dropout_0.2,26.221237,-5.943418,7
dropout_0.2,-18.242872,0.19664823,6
dropout_0.2,-5.1739306,-9.449992,4
dropout_0.2,18.093666,-43.241966,8
dropout_0.2,-3.6325696,-9.859054,4
dropout_0.2,-20.191872,-15.484407,2
dropout_0.2,-17.009642,-2.6127486,6
dropout_0.2,-12.303712,39.456654,1
dropout_0.2,-10.579755,51.4272,1
dropout_0.2,-6.3077497,40.20563,1
dropout_0.2,-11.224411,1.8320775,8
dropout_0.2,-24.444704,-0.001912067,4
dropout_0.2,-11.79677,-25.503836,2
dropout_0.2,-5.126866,42.131474,1
dropout_0.2,-4.194612,10.174511,2
dropout_0.2,-24.780375,-5.8610234,2
dropout_0.2,-37.023552,6.6742826,0
dropout_0.2,-24.793756,-2.7356055,0
dropout_0.2,27.295065,32.692814,9
dropout_0.2,17.123196,-26.917429,8
dropout_0.2,-33.33,2.6848328,0
dropout_0.2,-32.306923,13.165812,0
dropout_0.2,53.064625,2.9301462,5
dropout_0.2,30.36528,25.384033,9
dropout_0.2,40.12161,2.2414248,5
dropout_0.2,-22.143002,6.9481425,0
dropout_0.2,55.649437,-0.14657621,5
dropout_0.2,-4.3439026,11.770514,3
dropout_0.2,-39.577927,11.124374,0
dropout_0.2,46.448586,1.9872767,5
dropout_0.2,17.465534,-43.223766,8
dropout_0.2,-24.486757,-21.69644,4
dropout_0.2,31.176336,21.994734,9
dropout_0.2,-7.8190517,40.071465,1
dropout_0.2,-8.294535,42.927032,1
dropout_0.2,20.705042,-27.039597,8
dropout_0.2,19.5081,-25.996014,8
dropout_0.2,25.763042,-6.5941424,7
dropout_0.2,17.733242,-23.16359,8
dropout_0.2,-18.667673,-14.382685,6
dropout_0.2,-2.691319,-21.693857,2
dropout_0.2,20.720478,-5.330693,7
dropout_0.2,53.765244,4.663424,5
dropout_0.2,-13.756721,-31.839294,2
dropout_0.2,-2.6126413,-21.55011,2
dropout_0.2,29.90328,25.155529,9
dropout_0.2,25.295755,26.814116,9
dropout_0.2,53.29657,2.0011005,5
dropout_0.2,-29.204506,-19.623798,4
dropout_0.2,-3.552119,-10.673921,4
dropout_0.2,-10.109713,41.334316,1
dropout_0.2,26.462027,28.8778,9
dropout_0.2,-5.856458,-24.273075,2
dropout_0.2,-8.305581,47.96566,1
dropout_0.2,31.20608,21.28598,9
dropout_0.2,20.876896,-45.02759,8
dropout_0.2,-10.489946,12.686054,3
dropout_0.2,16.752728,-40.957054,8
dropout_0.2,-19.966385,-31.072094,4
dropout_0.2,-21.530022,-30.105091,4
dropout_0.2,30.200962,3.8492773,7
dropout_0.2,-32.562798,-20.0822,6
dropout_0.2,17.03684,-30.273825,8
dropout_0.2,30.954163,1.0941933,7
dropout_0.2,37.350025,7.0241218,5
dropout_0.2,-34.550953,8.753446,0
dropout_0.2,-29.24517,-22.443007,6
dropout_0.2,-11.629339,9.848698,3
dropout_0.2,-31.084133,4.5256214,0
dropout_0.2,56.290985,0.16288632,5
dropout_0.2,-28.604464,1.8234653,6
dropout_0.2,26.432781,17.379814,9
dropout_0.2,-35.923206,8.573705,0
dropout_0.2,-18.038546,-2.3378932,6
dropout_0.2,-14.692591,2.6897025,3
dropout_0.2,-32.91022,-20.634108,6
dropout_0.2,-34.014496,-19.959475,6
dropout_0.2,27.204489,23.14701,9
dropout_0.2,49.667763,-2.3507335,5
dropout_0.2,-10.22892,12.302864,3
dropout_0.2,22.07067,-6.0440607,7
dropout_0.2,19.764732,-43.53878,8
dropout_0.2,-20.692944,8.63842,6
dropout_0.2,25.9159,10.573655,7
dropout_0.2,-29.899729,-18.56331,6
dropout_0.2,-19.1431,-5.7247076,2
dropout_0.2,-21.673635,-27.221046,4
dropout_0.2,24.211575,24.798077,9
dropout_0.2,15.913034,-22.99743,8
dropout_0.2,53.59983,-2.325222,5
dropout_0.2,-35.439278,-17.704182,6
dropout_0.2,24.91831,30.641289,9
dropout_0.2,24.11903,-8.2053385,7
dropout_0.2,-11.904914,-8.689182,4
dropout_0.2,-5.99614,43.371784,1
dropout_0.2,-10.552238,42.442776,1
dropout_0.2,-4.9981136,47.678036,1
dropout_0.2,27.465363,-2.6724901,7
dropout_0.2,-36.393543,10.906062,0
dropout_0.2,25.812872,27.86389,9
dropout_0.2,29.391077,29.474962,9
dropout_0.2,27.315195,14.971711,9
dropout_0.2,-11.046636,-26.984322,2
dropout_0.2,-20.425165,-18.158773,4
dropout_0.2,28.516117,31.270052,9
dropout_0.2,27.369406,27.75778,9
dropout_0.2,28.704823,-0.05568992,7
dropout_0.2,-18.627975,-22.495642,4
dropout_0.2,16.395529,-35.65054,8
dropout_0.2,-20.131414,4.2259684,6
dropout_0.2,-8.628069,34.873356,1
dropout_0.2,16.308125,-37.85495,8
dropout_0.2,-10.011041,44.079704,1
dropout_0.2,55.388206,-0.006297459,5
dropout_0.2,-2.395518,-9.955486,4
dropout_0.2,-4.3290195,4.5818367,3
dropout_0.2,31.47462,29.090849,9
dropout_0.2,28.796032,31.060555,9
dropout_0.2,-13.711838,44.621452,1
dropout_0.2,-4.563469,16.43951,3
dropout_0.2,-9.992205,7.389477,3
dropout_0.2,28.699047,4.241448,7
dropout_0.2,-18.117582,-12.749495,2
dropout_0.2,19.975748,-45.485542,8
dropout_0.2,23.93765,-3.668692,7
dropout_0.2,-4.488482,-2.690135,4
dropout_0.2,23.621294,19.626938,9
dropout_0.2,52.070618,-2.2565517,5
dropout_0.2,18.531582,-23.381205,8
dropout_0.2,15.758817,-29.705666,8
dropout_0.2,17.754158,-32.200527,8
dropout_0.2,-21.729006,4.4434032,0
dropout_0.2,16.773481,-27.122574,8
dropout_0.2,30.09756,9.372042,7
dropout_0.2,52.71608,-0.4780777,5
dropout_0.2,47.499935,-2.3479152,5
dropout_0.2,48.149807,1.8827447,5
dropout_0.2,26.494944,19.46808,9
dropout_0.2,-4.460816,15.902019,3
dropout_0.2,-6.62691,-0.16477826,3
dropout_0.2,-40.822197,10.12185,0
dropout_0.2,-41.97656,11.205592,0
dropout_0.2,40.975723,0.8141602,5
dropout_0.2,-34.515255,7.7385373,0
dropout_0.2,24.705973,12.489816,7
dropout_0.2,-17.775955,-16.683975,2
dropout_0.2,47.001755,0.30956516,5
dropout_0.2,20.346731,-41.27636,8
dropout_0.2,27.111826,6.9436374,7
dropout_0.2,23.071596,23.178041,9
dropout_0.2,-32.420177,9.348636,0
dropout_0.2,-9.167347,-18.238466,2
dropout_0.2,-11.795857,-28.584734,4
dropout_0.2,-12.9133215,9.699734,3
dropout_0.2,22.05335,28.39812,9
dropout_0.2,28.945528,3.9352837,7
dropout_0.2,-7.4801407,1.9910825,3
dropout_0.2,-14.8409605,-22.101522,6
dropout_0.2,52.368366,1.6428826,5
dropout_0.2,-5.4375396,41.539944,1
dropout_0.2,25.846287,10.399291,7
dropout_0.2,-16.649918,-31.642317,4
dropout_0.2,53.665627,-1.65609,5
dropout_0.2,45.38695,-4.447043,5
dropout_0.2,43.20346,1.8837988,5
dropout_0.2,48.84944,-3.2050548,5
dropout_0.2,-34.29498,9.919268,0
dropout_0.2,-2.8816075,44.552364,1
dropout_0.2,23.509745,-0.44927052,7
dropout_0.2,26.738817,7.599185,7
dropout_0.2,-4.4551344,44.030575,1
dropout_0.2,-4.7061057,-6.571931,4
dropout_0.2,-14.704976,5.886125,0
dropout_0.2,-13.38589,-16.51137,2
dropout_0.2,52.94916,4.006209,5
dropout_0.2,-8.981416,46.648117,1
dropout_0.2,-40.274197,10.597826,0
dropout_0.2,15.486873,-25.550741,8
dropout_0.2,26.6627,23.817291,9
dropout_0.2,-25.089565,-3.6764057,2
dropout_0.2,22.469957,19.67656,9
dropout_0.2,43.605335,-1.5429978,5
dropout_0.2,-4.6982746,46.71919,1
dropout_0.2,-34.6075,-20.032885,6
dropout_0.2,28.313597,13.503007,7
dropout_0.2,32.40097,2.4470508,7
dropout_0.2,28.374434,13.119683,7
dropout_0.2,-13.960533,6.9880886,3
dropout_0.2,-4.8883038,8.405416,3
dropout_0.2,16.085133,-27.100124,8
dropout_0.2,43.86962,7.2232904,5
dropout_0.2,22.962198,-6.7160764,7
dropout_0.2,57.362793,1.5194625,5
dropout_0.2,-20.945536,6.143656,0
dropout_0.2,46.58636,-1.2308866,5
dropout_0.2,18.496672,-40.912437,8
dropout_0.2,-16.732504,0.96358544,6
dropout_0.2,28.343554,21.598146,9
dropout_0.2,-23.845629,-29.423714,4
dropout_0.2,-12.876048,-23.68026,2
dropout_0.2,-15.150344,-21.994402,6
dropout_0.2,-21.180449,-15.887709,6
dropout_0.2,-10.52881,-17.233095,2
dropout_0.2,43.883778,-0.9957958,5
dropout_0.2,-23.007051,-30.68463,4
dropout_0.2,22.474878,19.676186,9
dropout_0.2,-13.394223,14.926443,3
dropout_0.2,27.7535,26.48328,9
dropout_0.2,41.167328,5.134893,5
dropout_0.2,19.722298,-35.38887,8
dropout_0.2,50.150158,-3.556721,5
dropout_0.2,-14.751329,-30.48811,2
dropout_0.2,-4.0722957,-0.06381231,3
dropout_0.2,18.106796,-27.440699,8
dropout_0.2,21.476862,-42.0725,8
dropout_0.2,-14.113345,-19.830595,2
dropout_0.2,-3.7651336,-23.431705,2
dropout_0.2,-14.070593,-2.3640957,8
dropout_0.2,-21.098787,-34.23232,4
dropout_0.2,-10.3046875,-25.772465,2
dropout_0.2,-14.752749,-18.770208,2
dropout_0.2,-33.536537,13.981157,0
dropout_0.2,-13.670094,16.27114,0
dropout_0.2,-15.774299,-3.79165,2
dropout_0.2,-21.966774,-2.3911014,0
dropout_0.2,-33.137005,-19.851177,6
dropout_0.2,16.382343,-23.159983,8
dropout_0.2,21.899067,28.555166,9
dropout_0.2,41.874454,1.6499113,5
dropout_0.2,13.517781,-29.232504,8
dropout_0.2,-5.43512,3.1300223,3
dropout_0.2,-12.690464,7.349059,3
dropout_0.2,-29.52597,-18.92009,6
dropout_0.2,48.388626,-2.9744132,5
dropout_0.2,55.090374,-0.9029573,5
dropout_0.2,-8.120997,11.843746,3
dropout_0.2,-12.590963,13.0800495,3
dropout_0.2,56.425808,2.106358,5
dropout_0.2,47.250076,3.1446488,5
dropout_0.2,-17.319084,-16.933998,2
dropout_0.2,34.443554,-0.4978886,5
dropout_0.2,30.614264,11.393695,7
dropout_0.2,-6.9854927,51.692696,1
dropout_0.2,54.036568,-1.5866853,5
dropout_0.2,-5.022776,43.817734,1
dropout_0.2,18.233885,-36.151913,8
dropout_0.2,13.975403,-28.97617,8
dropout_0.2,-7.431097,50.467876,1
dropout_0.2,-20.616198,6.7412424,0
dropout_0.2,41.51378,0.79642236,5
dropout_0.2,-15.54786,13.184071,3
dropout_0.2,20.325148,-45.682934,8
dropout_0.2,-27.510342,-24.733704,4
dropout_0.2,-28.484715,5.6179156,6
dropout_0.2,-12.035695,15.469205,3
dropout_0.2,-12.14754,-0.084758036,3
dropout_0.2,20.024696,-41.543533,8
dropout_0.2,-20.370451,8.651809,6
dropout_0.2,-14.043127,0.9577862,3
dropout_0.2,-40.34218,13.283763,0
dropout_0.2,29.19612,21.28221,9
dropout_0.2,-19.525259,2.841277,0
dropout_0.2,-34.282436,-20.715174,6
dropout_0.2,-11.616935,-4.32346,3
dropout_0.2,19.40936,-39.02371,8
dropout_0.2,27.428713,34.292526,9
dropout_0.2,43.08711,6.4764423,5
dropout_0.2,-33.88275,9.964584,0
dropout_0.2,-25.662878,-2.6100101,0
dropout_0.2,28.080345,33.944626,9
dropout_0.2,-34.217293,8.772993,0
dropout_0.2,-5.56752,41.579945,1
dropout_0.2,-36.34691,-20.17873,6
dropout_0.2,-32.655018,-0.823763,6
dropout_0.2,-24.508265,-20.719973,4
dropout_0.2,-25.007477,-31.463259,4
dropout_0.2,-26.674086,-19.608215,6
dropout_0.2,27.443953,4.2669115,7
dropout_0.2,-40.338646,13.50448,0
dropout_0.2,-16.451874,-16.806864,4
dropout_0.2,16.576801,-32.15131,8
dropout_0.2,-29.513134,5.3565435,0
dropout_0.2,-21.060333,-35.32702,4
dropout_0.2,25.132477,-1.49678,7
dropout_0.2,-9.662358,6.978207,3
dropout_0.2,-9.209667,48.196293,1
dropout_0.2,-11.403474,12.745989,3
dropout_0.2,-37.373547,6.6362057,0
dropout_0.2,22.714214,-1.2671916,7
dropout_0.2,-36.89126,10.540858,0
dropout_0.2,-15.586034,11.768568,3
dropout_0.2,-15.114638,41.34368,1
dropout_0.2,-8.845895,9.789344,3
dropout_0.2,45.06428,-1.6872418,5
dropout_0.2,26.602222,3.1197238,7
dropout_0.2,36.979588,5.8909545,8
dropout_0.2,-23.915777,-6.4799633,6
dropout_0.2,-11.368886,-31.076185,2
dropout_0.2,-37.132496,10.887698,0
dropout_0.2,29.623474,30.350323,9
dropout_0.2,-25.751005,-24.415857,2
dropout_0.2,-15.761469,-22.741806,2
dropout_0.2,16.318407,-36.60472,8
dropout_0.2,27.629845,6.4324765,7
dropout_0.2,-27.59263,-23.978676,4
dropout_0.2,-38.524975,10.348589,0
dropout_0.2,-21.258232,-24.130562,4
dropout_0.2,-12.592903,-25.290144,2
dropout_0.2,-12.42488,-18.596283,2
dropout_0.2,-21.806875,-3.0690863,6
dropout_0.2,-5.669359,43.61102,1
dropout_0.2,-11.444152,-20.003765,2
dropout_0.2,21.285387,-39.730537,8
dropout_0.2,-9.657214,4.9583106,3
dropout_0.2,-25.721956,-3.4168684,0
dropout_0.2,-31.746294,13.026946,0
dropout_0.2,-8.830283,49.508698,1
dropout_0.2,24.624744,-2.81665,7
dropout_0.2,-16.25712,-26.119143,2
dropout_0.2,23.529531,-5.6757092,7
dropout_0.2,50.55219,0.5406482,5
dropout_0.2,-10.971722,11.551447,3
dropout_0.2,25.724499,24.835838,9
dropout_0.2,-8.00491,4.9647446,3
dropout_0.2,-5.0253925,5.46729,3
dropout_0.2,-15.895053,-0.942994,6
dropout_0.2,-8.085797,-0.77900815,3
dropout_0.2,23.331793,24.351835,9
dropout_0.2,16.055864,-27.99443,8
dropout_0.2,21.791286,-37.012035,8
dropout_0.2,-10.994061,5.7476487,3
dropout_0.2,-5.5801077,15.93305,3
dropout_0.2,-7.4901195,2.392127,3
dropout_0.2,-29.851465,6.8269224,0
dropout_0.2,-6.746724,13.60524,3
dropout_0.2,-18.094303,-35.662796,4
dropout_0.2,-7.0263157,37.86211,1
dropout_0.2,-14.092623,45.362408,1
dropout_0.2,44.189762,-3.4953027,5
dropout_0.2,21.09941,-0.30291384,7
dropout_0.2,-5.097076,11.577379,3
dropout_0.2,-35.388363,10.471673,0
dropout_0.2,-8.956194,8.803286,3
dropout_0.2,-33.915676,-19.703968,6
dropout_0.2,-3.8179727,12.281921,3
dropout_0.2,29.509624,20.352856,9
dropout_0.2,-9.396193,-2.9981022,6
dropout_0.2,-10.094568,10.501579,3
dropout_0.2,-4.384987,-21.6583,2
dropout_0.2,-17.944822,-22.801737,2
dropout_0.2,-6.5934777,-7.58854,3
dropout_0.2,-34.483032,2.900885,0
dropout_0.2,-3.1703742,44.246265,1
dropout_0.2,-11.814572,50.08777,1
dropout_0.2,-33.606853,-22.261368,6
dropout_0.2,-9.33466,45.6574,1
dropout_0.2,26.64557,18.938793,9
dropout_0.2,-31.812109,7.5463376,0
dropout_0.2,16.41743,-39.98212,8
dropout_0.2,22.138575,-44.665627,8
dropout_0.2,21.141294,-36.823963,8
dropout_0.2,19.972939,-4.3757396,7
dropout_0.2,-6.42826,-22.997194,2
dropout_0.2,-8.417638,40.63388,1
dropout_0.2,16.503685,-28.103268,8
dropout_0.2,26.18137,1.3964077,7
dropout_0.2,-37.359234,13.335324,0
dropout_0.2,22.774052,25.025808,9
dropout_0.2,29.635767,22.199442,9
dropout_0.2,21.517366,22.960957,9
dropout_0.2,-35.38981,-17.1678,6
dropout_0.2,27.801497,34.408585,9
dropout_0.2,-7.1492004,49.97433,1
dropout_0.2,24.347616,10.820223,7
dropout_0.2,30.024376,9.961134,7
dropout_0.2,-7.7152596,3.4024258,3
dropout_0.2,-34.273106,-19.723318,6
dropout_0.2,-5.02583,14.684387,3
dropout_0.2,25.336208,-0.16480659,7
dropout_0.2,15.684605,-31.376186,8
dropout_0.2,42.111263,-2.108564,5
dropout_0.2,-34.83232,-16.258615,6
dropout_0.2,-4.5082273,14.836316,3
dropout_0.2,-33.501278,8.816939,0
dropout_0.2,-37.725517,10.745769,0
dropout_0.2,56.827038,2.4255142,5
dropout_0.2,20.930676,-42.391354,8
dropout_0.2,53.744564,2.9400215,5
dropout_0.2,-8.752384,10.905379,3
dropout_0.2,-13.562384,6.6316977,3
dropout_0.2,48.46123,-1.2991916,5
dropout_0.2,-6.793289,51.195652,1
dropout_0.2,-32.920692,3.6957994,0
dropout_0.2,-24.988245,-4.8618197,0
dropout_0.2,-17.281261,-18.520262,2
dropout_0.2,22.546959,28.468557,9
dropout_0.2,23.807373,28.724398,9
dropout_0.2,54.73299,3.21343,5
dropout_0.2,20.476442,-34.424183,8
dropout_0.2,19.936047,-21.446873,8
dropout_0.2,-23.46226,-24.87119,6
dropout_0.2,-23.150139,-29.070726,4
dropout_0.2,-12.682271,-7.877728,6
dropout_0.2,-5.159994,41.932644,1
dropout_0.2,-30.528942,5.2076826,0
dropout_0.2,25.278486,-4.102921,7
dropout_0.2,-2.7595587,46.44647,1
dropout_0.2,51.356297,0.34632254,5
dropout_0.2,17.288183,-22.32803,8
dropout_0.2,-20.212029,-16.57393,2
dropout_0.2,29.384775,21.539698,9
dropout_0.2,-12.292376,-0.8911841,3
dropout_0.2,-12.738974,-4.2257876,6
dropout_0.2,-15.223139,-31.373302,2
dropout_0.2,-6.3528748,43.941578,1
dropout_0.2,21.058552,-45.522274,8
dropout_0.2,-14.897686,-20.30458,2
dropout_0.2,25.179058,5.5096765,7
dropout_0.2,29.18318,5.332854,7
dropout_0.2,26.490137,30.839104,9
dropout_0.2,47.374325,-2.5257034,5
dropout_0.2,28.606497,3.243069,7
dropout_0.2,-37.51558,13.495076,0
dropout_0.2,19.149055,-34.60194,8
dropout_0.2,-17.708258,6.399962,0
dropout_0.2,24.790434,0.6982512,7
dropout_0.2,39.346355,5.493977,8
dropout_0.2,-8.011638,36.73263,1
dropout_0.2,-13.288674,44.42781,1
dropout_0.2,13.880866,-38.079723,8
dropout_0.2,-15.241551,-0.8480167,0
dropout_0.2,27.776995,10.832035,7
dropout_0.2,-16.779015,-23.238892,6
dropout_0.2,-4.081966,40.873543,1
dropout_0.2,-17.888975,-24.428982,6
dropout_0.2,-8.125743,46.93688,1
dropout_0.2,-10.722484,-17.205034,2
dropout_0.2,-5.8958106,-25.836185,2
dropout_0.2,-7.074695,18.108809,3
dropout_0.2,-40.40573,8.6432,0
dropout_0.2,47.851074,2.6256592,5
dropout_0.2,-6.497598,-21.715403,2
dropout_0.2,-23.018892,-32.24417,4
dropout_0.2,-9.20224,1.2528383,3
dropout_0.2,-15.3804865,15.265322,3
dropout_0.2,19.023008,-26.4341,8
dropout_0.2,36.525486,4.4518566,8
dropout_0.2,45.2975,-0.41111088,5
dropout_0.2,28.184025,21.08336,9
dropout_0.2,25.216682,-2.1213725,7
dropout_0.2,-31.56067,11.211031,0
dropout_0.2,-5.611749,-7.7811294,4
dropout_0.2,-33.809406,-17.595335,6
dropout_0.2,-19.021465,-20.195929,2
dropout_0.2,-19.151686,-30.534397,4
dropout_0.2,31.059677,18.324102,9
dropout_0.2,-13.830472,16.483456,1
dropout_0.2,46.36467,2.3266222,5
dropout_0.2,-25.042593,-24.830854,4
dropout_0.2,-8.901109,-2.408248,3
dropout_0.2,28.515131,21.965166,9
dropout_0.2,-9.491143,49.563118,1
dropout_0.2,15.70942,-31.89261,8
dropout_0.2,-26.05701,-21.456387,4
dropout_0.2,-2.7267773,47.185143,1
dropout_0.2,41.009205,0.64011765,5
dropout_0.2,-13.621172,-3.4525094,2
dropout_0.2,-5.913004,-5.097205,3
dropout_0.2,39.908527,1.7853856,5
dropout_0.2,20.462027,-36.940243,8
dropout_0.2,-11.864903,12.858089,3
dropout_0.2,47.335182,-4.535388,5
dropout_0.2,43.364857,-0.25849888,5
dropout_0.2,-28.95037,11.216982,0
dropout_0.2,-5.6464705,40.246056,1
dropout_0.2,-19.398588,-34.351837,2
dropout_0.2,24.668638,-5.725543,7
dropout_0.2,-3.9006917,-22.134975,2
dropout_0.2,30.700119,29.566595,9
dropout_0.2,18.65823,-21.919207,8
dropout_0.2,-20.821964,-22.50796,6
dropout_0.2,18.870562,-25.026802,8
dropout_0.2,30.72967,4.4856257,5
dropout_0.2,19.179096,-22.70166,8
dropout_0.2,20.039022,-4.2055187,7
dropout_0.2,-7.5837765,-9.903055,4
dropout_0.2,30.335215,10.547419,7
dropout_0.2,-15.103225,-29.46586,2
dropout_0.2,29.473646,-0.50716984,7
dropout_0.2,-7.4100485,47.07287,1
dropout_0.2,28.258106,22.025011,9
dropout_0.2,42.610207,-0.86869586,5
dropout_0.2,44.964344,8.892588,9
dropout_0.2,-16.238068,-18.277699,6
dropout_0.2,-34.00059,2.894311,0
dropout_0.2,22.020111,28.432413,9
dropout_0.2,-34.90721,-19.563833,6
dropout_0.2,26.785023,18.115461,9
dropout_0.2,-3.2795277,16.293627,3
dropout_0.2,-22.881107,1.6509229,6
dropout_0.2,-5.9062433,-4.218644,3
dropout_0.2,-11.6484585,1.0871966,1
dropout_0.2,-9.97183,43.136986,1
dropout_0.2,29.388512,33.920963,9
dropout_0.2,31.820105,2.8662686,7
dropout_0.2,51.83973,0.0058321203,5
dropout_0.2,-3.5054467,42.02247,1
dropout_0.2,-27.609219,-20.770884,6
dropout_0.2,-9.316871,11.4479265,3
dropout_0.2,-12.61246,-34.555416,2
dropout_0.2,18.157383,-38.380447,8
dropout_0.2,-23.97945,-6.692053,2
dropout_0.2,-34.865788,9.907068,0
dropout_0.2,-25.193226,-25.079851,6
dropout_0.2,24.002657,18.153128,9
dropout_0.2,-24.332336,-20.466438,4
dropout_0.2,-17.779318,5.813984,3
dropout_0.2,-16.11393,-6.242425,3
dropout_0.2,-28.855076,0.59574336,8
dropout_0.2,50.121502,-2.655109,5
dropout_0.2,-35.64988,14.649992,0
dropout_0.2,49.810966,-3.1814084,5
dropout_0.2,-5.2572236,48.402508,1
dropout_0.2,47.62521,-1.0151902,5
dropout_0.2,-33.387707,4.162616,0
dropout_0.2,16.606335,-26.701084,8
dropout_0.2,-25.964993,0.9741885,6
dropout_0.2,-16.905857,-1.0734906,2
dropout_0.2,-30.014236,-20.745543,6
dropout_0.2,15.6823,-29.085554,8
dropout_0.2,26.232168,-1.0172174,7
dropout_0.2,-32.943012,-20.296007,6
dropout_0.2,-32.060677,-0.7826842,6
dropout_0.2,-10.178369,40.80482,1
dropout_0.2,-4.41384,-21.126068,2
dropout_0.2,-5.835711,40.546467,1
dropout_0.2,16.725588,-35.235268,8
dropout_0.2,-10.953646,13.219113,3
dropout_0.2,-15.521488,11.831347,3
dropout_0.2,-31.647747,1.4722074,6
dropout_0.2,-10.9629755,50.244762,1
dropout_0.2,-7.0088706,-9.270225,4
dropout_0.2,29.76367,24.05279,9
dropout_0.2,27.089159,30.376413,9
dropout_0.2,26.970898,8.822172,7
dropout_0.2,-8.232646,38.580967,1
dropout_0.2,48.39301,-2.0245361,5
dropout_0.2,-22.183275,5.598085,0
dropout_0.2,26.46011,19.083862,9
dropout_0.2,15.546594,-28.607903,8
dropout_0.2,-14.033838,-20.841042,6
dropout_0.2,27.143076,11.882391,9
dropout_0.2,-3.4825532,17.31087,3
dropout_0.2,-14.277138,-3.0768993,3
dropout_0.2,21.285784,-7.0861287,7
dropout_0.2,42.17965,4.866299,5
dropout_0.2,29.278053,3.5668976,7
dropout_0.2,30.229845,4.3700337,7
dropout_0.2,43.52822,-3.4553366,5
dropout_0.2,25.864368,24.36238,9
dropout_0.2,-4.875949,3.8776548,3
dropout_0.2,18.846994,-35.68899,8
dropout_0.2,-11.888875,41.099674,1
dropout_0.2,-33.635624,11.831453,0
dropout_0.2,56.16906,-0.7629933,5
dropout_0.2,-4.7687097,14.246533,3
dropout_0.2,15.874182,-24.10133,8
dropout_0.2,-2.9803257,41.29672,1
dropout_0.2,25.165216,-6.374872,7
dropout_0.2,-40.542866,11.292454,0
dropout_0.2,-8.429114,-3.8959465,3
dropout_0.2,-29.915089,3.9297528,0
dropout_0.2,-12.755795,-0.22134298,1
dropout_0.2,-32.079327,-18.674015,6
dropout_0.2,49.25586,-2.8884506,5
dropout_0.2,19.239803,-23.609379,8
dropout_0.2,-7.8209715,40.67294,1
dropout_0.2,48.25064,-3.002898,5
dropout_0.2,30.720352,-2.7092786,5
dropout_0.2,30.758114,2.8157399,7
dropout_0.2,-21.817055,-28.872492,4
dropout_0.2,-14.290245,-12.687598,4
dropout_0.2,30.759184,32.598225,9
dropout_0.2,25.870483,11.336267,7
dropout_0.2,-36.75464,13.827869,0
dropout_0.2,-19.200346,-14.480544,6
dropout_0.2,-38.830338,11.386209,0
dropout_0.2,26.512833,26.370094,9
dropout_0.2,-5.3818135,-7.0406113,4
dropout_0.2,-40.30226,11.189302,0
dropout_0.2,-7.904309,-4.2792206,3
dropout_0.2,-7.9464965,35.82656,1
dropout_0.2,21.257439,-40.9893,8
dropout_0.2,-29.86229,7.726024,0
dropout_0.2,-9.169531,10.505566,3
dropout_0.2,-30.74871,0.9183564,6
dropout_0.2,-6.071863,44.814365,1
dropout_0.2,-2.979486,15.742781,3
dropout_0.2,-28.926207,8.780136,0
dropout_0.2,-12.761412,-17.53988,2
dropout_0.2,23.41841,-1.2481817,7
dropout_0.2,-34.16484,-19.22073,6
dropout_0.2,-29.187218,10.354146,0
dropout_0.2,-25.182896,-31.470503,4
dropout_0.2,-3.824708,41.061813,1
dropout_0.2,-4.3073115,6.2303314,3
dropout_0.2,-9.0611515,51.47385,1
dropout_0.2,-33.19388,3.4957128,0
dropout_0.2,27.741829,12.410817,7
dropout_0.2,18.647778,-36.585865,8
dropout_0.2,46.223873,-4.7562175,5
dropout_0.2,-17.4174,-29.46238,4
dropout_0.2,-32.666824,7.127827,0
dropout_0.2,-35.286823,7.664615,0
dropout_0.2,24.419472,25.72623,9
dropout_0.2,-2.323823,13.946478,3
dropout_0.2,-4.4841013,11.37113,3
dropout_0.2,45.89088,-4.445562,5
dropout_0.2,55.74431,-0.17927507,5
dropout_0.2,52.708977,2.9453325,5
dropout_0.2,-17.003214,-4.8032207,3
dropout_0.2,-14.728295,6.8000793,0
dropout_0.2,13.012557,-29.53714,8
dropout_0.2,-22.08369,-22.356758,4
dropout_0.2,24.766033,27.798197,9
dropout_0.2,20.01985,-33.003372,8
dropout_0.2,25.379047,-4.9436617,7
dropout_0.2,-13.980447,13.102079,3
dropout_0.2,33.30711,5.998082,7
dropout_0.2,-12.957465,0.07164181,3
dropout_0.2,-7.768944,51.1404,1
dropout_0.2,-24.062958,-29.557943,4
dropout_0.2,19.950338,-45.415863,8
dropout_0.2,-5.318141,-6.531561,4
dropout_0.2,45.33553,9.016835,5
dropout_0.2,-38.35411,14.635401,0
dropout_0.2,-12.276534,14.838827,1
dropout_0.2,-7.722597,9.845424,1
dropout_0.2,44.060284,1.4266659,5
dropout_0.2,-23.743732,-23.914421,4
dropout_0.2,44.545788,3.8428855,5
dropout_0.2,-21.102358,-31.16168,4
dropout_0.2,-5.0155544,-24.038054,2
dropout_0.2,31.403502,-0.09374311,7
dropout_0.2,-35.167427,-21.754272,6
dropout_0.2,32.143314,19.215656,9
dropout_0.2,-26.40544,-20.265816,4
dropout_0.2,26.503752,5.5521927,7
dropout_0.2,29.007282,32.18966,9
dropout_0.2,-8.824191,39.382095,1
dropout_0.2,53.44121,-2.514861,5
dropout_0.2,-29.483232,-17.52514,2
dropout_0.2,28.579863,27.297218,9
dropout_0.2,33.028732,1.7973545,5
dropout_0.2,26.077517,22.630508,9
dropout_0.2,-26.127556,-2.4414988,0
dropout_0.2,-4.0558825,-23.004398,2
dropout_0.2,54.62221,1.1027979,5
dropout_0.2,26.519108,18.778547,9
dropout_0.2,-17.95651,-29.318054,4
dropout_0.2,-4.7509556,42.64527,1
dropout_0.2,-5.6405725,3.5720816,3
dropout_0.2,-19.687761,-27.538876,2
dropout_0.2,-31.319466,2.5619044,0
dropout_0.2,20.45674,-23.9219,8
dropout_0.2,31.414381,23.720772,9
dropout_0.2,54.52671,2.050475,5
dropout_0.2,31.310884,-0.15537624,7
dropout_0.2,23.501259,25.986376,9
dropout_0.2,-12.788954,-32.170612,2
dropout_0.2,-31.905418,-0.1541039,6
dropout_0.2,-38.28161,8.905385,0
dropout_0.2,41.832058,3.6163216,5
dropout_0.2,17.656918,-40.41888,8
dropout_0.2,-7.919072,49.729767,1
dropout_0.2,19.97083,-23.427067,8
dropout_0.2,16.913218,-38.75274,8
dropout_0.2,-29.881207,1.7170105,0
dropout_0.2,-2.7176688,15.134617,3
dropout_0.2,-5.2685027,14.067811,3
dropout_0.2,31.15624,30.517063,9
dropout_0.2,-7.910864,-23.287992,2
dropout_0.2,-29.576803,4.643406,6
dropout_0.2,-5.838769,8.224967,3
dropout_0.2,18.212637,-43.61898,8
dropout_0.2,45.565495,-4.396622,5
dropout_0.2,29.693716,2.2745306,7
dropout_0.2,15.437872,-27.702217,8
dropout_0.2,-33.861214,0.5619539,6
dropout_0.2,-19.011557,3.881388,0
dropout_0.2,25.578817,11.890634,9
dropout_0.2,25.078407,2.2616072,7
dropout_0.2,57.921707,-0.97208667,5
dropout_0.2,-11.812766,50.21343,1
dropout_0.2,-8.533571,12.427448,3
dropout_0.2,28.744791,1.824159,7
dropout_0.2,17.214005,-41.24555,8
dropout_0.2,-24.05042,-27.810692,6
dropout_0.2,-9.866986,11.716085,3
dropout_0.2,-17.522907,-18.986305,2
dropout_0.2,30.883303,1.9372827,7
dropout_0.2,17.869448,-39.692837,8
dropout_0.2,-15.404579,-20.275373,2
dropout_0.2,14.654447,-30.221876,8
dropout_0.2,-8.285014,-1.089156,3
dropout_0.2,-9.248684,-18.174335,2
dropout_0.2,-35.95938,9.237073,0
dropout_0.2,13.261572,-33.859913,8
dropout_0.2,-34.2303,13.400305,0
dropout_0.2,-24.304998,-23.45951,4
dropout_0.2,29.096994,2.09756,7
dropout_0.2,-16.10972,-20.070435,4
dropout_0.2,20.169744,-34.894943,8
dropout_0.2,30.600843,5.617926,7
dropout_0.2,-36.332718,-18.875666,6
dropout_0.2,45.31843,-3.8086789,5
dropout_0.2,-19.868479,-18.373549,4
dropout_0.2,19.21035,-37.16151,8
dropout_0.2,18.260485,-41.528687,8
dropout_0.2,54.218044,3.262229,5
dropout_0.2,27.034985,-1.5517974,7
dropout_0.2,-22.018715,-34.30825,4
dropout_0.2,-33.760204,-20.334742,6
dropout_0.2,18.43367,-33.826233,8
dropout_0.2,-18.06318,-32.62597,4
dropout_0.2,-29.491673,0.09169014,6
dropout_0.2,-9.266734,-3.6845381,4
dropout_0.2,-15.71769,-1.8159987,2
dropout_0.2,28.971006,0.39075428,7
dropout_0.2,-6.436552,11.409345,3
dropout_0.2,-7.0378895,36.72763,1
dropout_0.2,-3.3932297,-9.2413645,4
dropout_0.2,23.891897,29.035677,9
dropout_0.2,33.839256,27.8438,5
dropout_0.2,-33.3328,8.023916,0
dropout_0.2,-33.31501,-18.489552,6
dropout_0.2,-12.353003,5.9794884,3
dropout_0.2,42.611683,0.3582714,5
dropout_0.2,-33.09692,2.693536,6
dropout_0.2,25.013142,3.026318,7
dropout_0.2,27.32623,14.17243,9
dropout_0.2,-3.9118726,-21.055216,2
dropout_0.2,26.834993,17.712915,9
dropout_0.2,-19.526913,-32.308422,2
dropout_0.2,31.241476,12.052063,7
dropout_0.2,22.325089,-4.0779877,7
dropout_0.2,-5.3534255,45.94781,1
dropout_0.2,-12.590003,7.12175,3
dropout_0.2,-10.560797,-22.799416,2
dropout_0.2,-13.298924,-1.9447945,4
dropout_0.2,-11.91867,-0.14893208,3
dropout_0.2,-16.811329,-15.624038,2
dropout_0.2,-29.7605,1.5546876,0
dropout_0.2,-17.389668,-33.667755,4
dropout_0.2,-29.497223,-21.117786,6
dropout_0.2,-32.48301,13.186389,0
dropout_0.2,30.46418,-2.584464,7
dropout_0.2,-9.99149,35.461735,1
dropout_0.2,-20.364798,-26.13589,4
dropout_0.2,-11.648709,-18.993351,2
dropout_0.2,-30.102655,-20.767338,6
dropout_0.2,-4.9086623,-7.5005555,4
dropout_0.2,18.828117,-22.33297,8
dropout_0.2,19.680546,-43.983463,8
dropout_0.2,-15.480052,-30.930527,2
dropout_0.2,24.030975,26.88325,9
dropout_0.2,18.964128,-27.77832,8
dropout_0.2,-14.582521,6.6430397,0
dropout_0.2,55.399227,1.8495544,5
dropout_0.2,-33.05917,-17.055702,6
dropout_0.2,-12.670204,-4.4156475,3
dropout_0.2,-12.807695,16.650621,1
dropout_0.2,-36.16774,9.728026,0
dropout_0.2,-23.315067,-20.966043,2
dropout_0.2,-21.786074,-24.764816,4
dropout_0.2,-7.4098845,50.79245,1
dropout_0.2,20.9591,-36.8918,8
dropout_0.2,46.867313,-2.692176,5
dropout_0.2,-36.11299,-18.9028,6
dropout_0.2,-33.20984,9.568165,0
dropout_0.2,-5.898983,51.241585,1
dropout_0.2,-7.5359287,36.839222,1
dropout_0.2,42.942966,3.13171,5
dropout_0.2,-17.516169,-2.0868034,6
dropout_0.2,52.890053,4.2709,5
dropout_0.2,-32.397907,0.52134264,0
dropout_0.2,28.126783,5.5210485,7
dropout_0.2,28.270395,9.459163,7
dropout_0.2,48.02421,-3.5163608,5
dropout_0.2,-14.641156,-3.5828319,4
dropout_0.2,-3.0984101,14.627341,3
dropout_0.2,-5.224953,13.959463,3
dropout_0.2,-4.5359383,-10.255765,4
dropout_0.2,31.963295,28.284586,9
dropout_0.2,-12.767092,-18.906042,2
dropout_0.2,-3.1068068,-11.073363,4
dropout_0.2,-18.049778,-4.0717926,2
dropout_0.2,-11.311829,6.948236,3
dropout_0.2,-20.002846,6.132894,0
dropout_0.2,47.10922,-4.0943847,5
dropout_0.2,-35.633347,-18.97081,6
dropout_0.2,-21.160172,-35.19438,4
dropout_0.2,26.483044,-1.6588687,7
dropout_0.2,-35.090813,4.601778,0
dropout_0.2,33.119442,2.4185734,5
dropout_0.2,-9.889228,-19.912552,2
dropout_0.2,23.751951,19.49862,9
dropout_0.2,27.77171,24.984087,9
dropout_0.2,-40.96534,13.530913,0
dropout_0.2,23.726852,-7.281872,7
dropout_0.2,-32.39919,-17.579168,6
dropout_0.2,-5.9088316,-22.518677,2
dropout_0.2,-4.0382047,-0.11194066,3
dropout_0.2,-2.8907423,44.883858,1
dropout_0.2,28.534346,4.3561554,7
dropout_0.2,-19.721783,-22.147778,4
dropout_0.2,46.08014,-4.389137,5
dropout_0.2,-5.8639283,10.76269,3
dropout_0.2,-6.624204,43.206764,1
dropout_0.2,-21.68611,-26.43401,4
dropout_0.2,51.17347,-2.2690854,5
dropout_0.2,17.862486,-30.978294,8
dropout_0.2,-15.069489,-30.106148,2
dropout_0.2,-34.95848,-18.12616,6
dropout_0.2,-17.136204,-20.75633,4
dropout_0.2,-12.447622,-18.301205,2
dropout_0.2,30.195713,11.834897,7
dropout_0.2,-21.22794,-23.949963,4
dropout_0.2,31.281424,7.393182,7
dropout_0.2,30.149084,27.936928,9
dropout_0.2,-15.153716,13.460101,3
dropout_0.2,-26.430174,-23.099167,6
dropout_0.2,-23.329878,-23.737446,4
dropout_0.2,55.074768,2.5974135,5
dropout_0.2,26.174536,14.088414,7
dropout_0.2,18.267515,-24.529518,8
dropout_0.2,-10.014359,-20.813116,2
dropout_0.2,-12.162452,43.446568,1
dropout_0.2,18.189491,-39.534653,8
dropout_0.2,-4.0694766,13.6393585,3
dropout_0.2,-5.965916,-25.881775,2
dropout_0.2,24.405745,21.123913,9
dropout_0.2,-4.5659266,4.7149043,3
dropout_0.2,42.461533,5.595877,5
dropout_0.2,24.658674,31.152872,9
dropout_0.2,-10.1590395,39.67297,1
dropout_0.2,17.271416,-39.892445,8
dropout_0.2,-23.010473,-26.015017,4
dropout_0.2,55.709606,1.3118463,5
dropout_0.2,-2.7711842,13.060915,3
dropout_0.2,19.083868,-27.6271,8
dropout_0.2,-14.163508,-30.826078,2
dropout_0.2,31.339043,21.98323,9
dropout_0.2,-8.149878,12.670938,3
dropout_0.2,-14.23476,-17.061985,2
dropout_0.2,-17.910131,-14.726311,2
dropout_0.2,23.71954,-2.0264893,7
dropout_0.2,33.481018,5.776389,7
dropout_0.2,-6.731801,-0.9465916,3
dropout_0.2,-15.121763,0.22793792,3
dropout_0.2,29.510296,16.705801,9
dropout_0.2,17.093767,-25.369877,8
dropout_0.2,-8.125242,50.6518,1
dropout_0.2,-22.390665,-29.72607,4
dropout_0.2,57.33317,0.9681629,5
dropout_0.2,-7.7022367,49.30591,1
dropout_0.2,-31.647963,6.1859956,0
dropout_0.2,-10.3008,0.3947433,3
dropout_0.2,32.722893,28.813395,9
dropout_0.2,-9.049684,41.331673,1
dropout_0.2,-16.26182,-9.462591,3
dropout_0.2,-37.502777,13.7007675,0
dropout_0.2,-4.840228,-23.026684,2
dropout_0.2,-34.81244,4.555389,0
dropout_0.2,-18.956017,2.1398585,6
dropout_0.2,30.250097,28.35514,9
dropout_0.2,-9.608235,47.687668,1
dropout_0.2,-4.9804053,47.258945,1
dropout_0.2,22.591812,-2.8864276,7
dropout_0.2,-8.089744,10.228164,3
dropout_0.2,-10.51914,11.2035885,3
dropout_0.2,-17.429014,-33.540997,4
dropout_0.2,19.308922,-41.444874,8
dropout_0.2,-18.564299,-4.3008842,6
dropout_0.2,-18.629852,-17.358059,2
dropout_0.2,20.625278,-43.3299,8
dropout_0.2,-6.713326,7.912486,3
dropout_0.2,27.769766,11.38624,7
dropout_0.2,-18.060268,-15.152086,2
dropout_0.2,20.978642,-41.54847,8
dropout_0.2,19.56106,-38.63183,8
dropout_0.2,-8.049065,12.291381,3
dropout_0.2,-9.768418,14.037296,3
dropout_0.2,43.40964,0.7867608,5
dropout_0.2,24.209074,10.713921,7
dropout_0.2,31.273603,6.3595448,7
dropout_0.2,44.36634,-2.347216,5
dropout_0.2,25.23656,30.78243,9
dropout_0.2,25.187424,0.73616815,7
dropout_0.2,-7.855152,47.249928,1
dropout_0.2,-10.5436,12.632023,3
dropout_0.2,-17.460148,3.6292682,0
dropout_0.2,27.760044,4.946215,7
dropout_0.2,39.450718,6.9699564,5
dropout_0.2,24.757217,-7.372888,7
dropout_0.2,-24.73617,-29.517242,4
dropout_0.2,-33.38644,10.24746,0
dropout_0.2,23.372595,-2.268394,7
dropout_0.2,-22.12365,-19.513489,6
dropout_0.2,-32.008793,-1.0340022,6
dropout_0.2,26.465496,10.955539,7
dropout_0.2,39.850388,3.9668932,5
dropout_0.2,30.27352,29.462324,9
dropout_0.2,-6.598662,39.752453,1
dropout_0.2,28.150705,14.305668,9
dropout_0.2,27.119211,0.0984739,7
dropout_0.2,-2.9962337,47.46737,1
dropout_0.2,-10.306191,7.405799,3
dropout_0.2,-18.095774,-17.631254,4
dropout_0.2,-15.124166,41.73117,1
dropout_0.2,-10.454152,8.616965,3
dropout_0.2,-14.032058,39.975895,1
dropout_0.2,-16.941143,-29.553642,4
dropout_0.2,26.210539,23.332216,9
dropout_0.2,31.417782,2.0371864,7
dropout_0.2,-2.6531386,45.614662,1
dropout_0.2,47.36523,2.769989,5
dropout_0.2,-10.548669,35.867542,1
dropout_0.2,-31.467682,-19.297876,6
dropout_0.2,20.218538,-26.606768,8
dropout_0.2,18.505966,-43.462746,8
dropout_0.2,-34.819023,-18.664984,6
dropout_0.2,18.90799,-29.74602,8
dropout_0.2,26.861158,10.522035,7
dropout_0.2,58.1709,-0.7444901,5
dropout_0.2,-16.720911,-0.013825183,0
dropout_0.2,24.119917,30.258373,9
dropout_0.2,-3.9603434,0.59266853,3
dropout_0.2,53.138386,3.1528692,5
dropout_0.2,20.696692,-41.681694,8
dropout_0.2,26.514082,24.994944,9
dropout_0.2,-19.759874,-20.288567,4
dropout_0.2,-16.749605,-18.069738,2
dropout_0.2,29.961794,19.819147,9
dropout_0.2,-3.9313354,-22.914686,2
dropout_0.2,41.872665,-0.29219583,5
dropout_0.2,-21.91248,-29.450382,4
dropout_0.2,23.930641,26.416815,9
dropout_0.2,21.738535,-45.248856,8
dropout_0.2,26.016203,22.044718,9
dropout_0.2,-10.869476,41.473694,1
dropout_0.2,-11.647172,39.033638,1
dropout_0.2,22.169054,-43.630276,8
dropout_0.2,-13.338621,40.046593,1
dropout_0.2,-25.727879,-26.885786,4
dropout_0.2,31.497341,27.084082,9
dropout_0.2,39.787357,6.7745705,5
dropout_0.2,-23.565565,-20.021461,4
dropout_0.2,50.17984,-3.427777,5
dropout_0.2,-31.685362,-17.875849,6
dropout_0.2,42.106136,-1.6297356,5
dropout_0.2,26.351181,-5.730959,7
dropout_0.2,-13.995262,45.057358,1
dropout_0.2,-22.863266,-0.11731865,0
dropout_0.2,29.698687,20.02986,9
dropout_0.2,-5.638242,-6.831914,4
dropout_0.2,24.093174,30.268856,9
dropout_0.2,-6.8311515,-21.07819,2
dropout_0.2,-28.782429,-20.220577,6
dropout_0.2,-22.59489,1.4231685,6
dropout_0.2,-8.7491,51.15319,1
dropout_0.2,-37.540985,7.3765035,0
dropout_0.2,28.55727,12.803429,7
dropout_0.2,30.520897,20.604176,9
dropout_0.2,-6.7843027,7.4291496,3
dropout_0.2,-14.482273,-2.132595,6
dropout_0.2,56.4702,-0.646632,5
dropout_0.2,-18.77408,5.2901773,0
dropout_0.2,15.248225,-26.355122,8
dropout_0.2,-19.537792,-26.99954,4
dropout_0.2,32.24068,19.16915,9
dropout_0.2,-34.439186,6.4392886,0
dropout_0.2,31.422724,10.5212145,7
dropout_0.2,17.900225,-43.05217,8
dropout_0.2,-21.634253,-33.45655,4
dropout_0.2,19.009201,-31.827745,8
dropout_0.2,-10.608467,43.651825,1
dropout_0.2,23.060001,-5.6504254,7
dropout_0.2,25.589338,10.156494,7
dropout_0.2,-29.695303,1.1198316,0
dropout_0.2,17.706697,-28.886333,8
dropout_0.2,-2.8960261,16.16947,3
dropout_0.2,-21.34959,-35.23968,4
dropout_0.2,-38.09525,11.471766,0
dropout_0.2,-10.534535,-17.880068,2
dropout_0.2,-13.8390875,7.9327793,3
dropout_0.2,-19.300482,-3.9393384,6
dropout_0.2,23.315464,-2.7600868,7
dropout_0.2,23.794624,-2.6517973,7
dropout_0.2,-23.588348,8.29967,0
dropout_0.2,-5.6101937,-8.487441,4
dropout_0.2,14.320205,-29.008492,8
dropout_0.2,-38.07643,8.371553,0
dropout_0.2,30.436338,29.304434,9
dropout_0.2,42.779385,5.9066753,5
dropout_0.2,40.28973,4.5622706,5
dropout_0.2,-7.8095107,38.528027,1
dropout_0.2,-6.394787,17.771832,3
dropout_0.2,46.232845,0.16408959,5
dropout_0.2,-19.481632,-15.08876,6
dropout_0.2,-10.3064785,-1.0637916,1
dropout_0.2,-35.003082,-21.843622,6
dropout_0.2,21.45636,1.1532295,7
dropout_0.2,57.457542,-0.23097457,5
dropout_0.2,-33.166355,2.502238,0
dropout_0.2,-16.600441,-17.423588,6
dropout_0.2,-14.303357,-26.28615,2
dropout_0.2,-16.675762,2.041434,1
dropout_0.2,-29.7821,-16.097452,2
dropout_0.2,53.23279,4.1736217,5
dropout_0.2,57.70669,0.15074909,5
dropout_0.2,-25.419333,-25.859467,6
dropout_0.2,-21.816078,5.643704,0
dropout_0.2,-23.353678,-27.048147,4
dropout_0.2,-11.921432,-16.504065,2
dropout_0.2,-33.675373,11.259605,0
dropout_0.2,21.078264,-45.80751,8
dropout_0.2,-19.395748,-28.56059,4
dropout_0.2,17.810064,-23.285032,8
dropout_0.2,-13.239657,-22.238913,2
dropout_0.2,-7.333345,36.753677,1
dropout_0.2,-9.930199,13.008339,3
dropout_0.2,41.98373,3.7131019,5
dropout_0.2,-14.178284,12.878213,0
dropout_0.2,-22.27112,-31.136793,4
dropout_0.2,28.663153,33.96663,9
dropout_0.2,29.312092,28.670567,9
dropout_0.2,-26.072115,-23.56742,6
dropout_0.2,-8.0851965,35.463715,1
dropout_0.2,-3.9373868,8.462375,3
dropout_0.2,26.015108,23.608978,9
dropout_0.2,24.498985,10.264806,7
dropout_0.2,-21.002594,9.463396,0
dropout_0.2,27.428236,1.3196751,7
dropout_0.2,-3.177491,-9.894675,2
dropout_0.2,-13.504661,44.84804,1
dropout_0.2,25.78322,0.6380796,7
dropout_0.2,25.04936,-7.1854277,7
dropout_0.2,-18.265816,-34.90158,4
dropout_0.2,-3.6671739,-23.035433,2
dropout_0.2,-4.5212235,42.55099,1
dropout_0.2,21.577995,-5.303089,7
dropout_0.2,-4.938062,43.65309,1
dropout_0.2,-11.523856,-25.729074,2
dropout_0.2,24.236841,28.967844,9
dropout_0.2,-10.847342,-22.959785,2
dropout_0.2,-31.623201,11.341212,0
dropout_0.2,-15.155032,41.20682,1
dropout_0.2,54.42545,-0.9987942,5
dropout_0.2,-37.776306,11.470384,0
dropout_0.2,-36.41894,12.275676,0
dropout_0.2,25.452873,23.705366,9
dropout_0.2,-18.226978,1.3783413,0
dropout_0.2,-14.321256,-0.5775809,3
dropout_0.2,-18.081999,-25.500591,4
dropout_0.2,25.107286,-0.9491046,7
dropout_0.2,20.405464,-3.8446922,7
dropout_0.2,-3.858115,11.223816,3
dropout_0.2,-4.886027,-23.628393,2
dropout_0.2,24.03684,-1.7592492,7
dropout_0.2,-21.89792,-33.82171,4
dropout_0.2,-10.96839,-26.55934,2
dropout_0.2,-14.160077,-18.663427,2
dropout_0.2,-7.596617,-8.247159,4
dropout_0.2,23.293715,24.118607,9
dropout_0.2,29.38532,-2.0962718,7
dropout_0.2,-11.723795,44.333652,1
dropout_0.2,-7.5164957,10.282307,3
dropout_0.2,-4.602397,15.820415,3
dropout_0.2,22.03643,-2.6404111,7
dropout_0.2,-18.563932,-13.598027,6
dropout_0.2,-8.192792,46.163204,1
dropout_0.2,-23.60842,2.236588,6
dropout_0.2,-22.018108,-32.748245,4
dropout_0.2,42.566753,4.9440713,5
dropout_0.2,-20.151466,-34.942,4
dropout_0.2,-19.03144,-5.4619217,6
dropout_0.2,-7.27535,36.289555,1
dropout_0.2,-12.025067,-31.395376,2
dropout_0.2,18.95591,-26.788778,8
dropout_0.2,-14.235926,-12.794012,4
dropout_0.2,-3.7217789,-22.52191,2
dropout_0.2,30.378931,28.132584,9
dropout_0.2,-32.227993,3.5139117,0
dropout_0.2,-34.7196,-16.513071,6
dropout_0.2,-4.1471252,-6.550789,3
dropout_0.2,-23.051588,-30.977442,4
dropout_0.2,-17.305944,9.446889,3
dropout_0.2,-34.99526,-16.708126,6
dropout_0.2,-18.646893,-33.593353,4
dropout_0.2,-11.299842,12.269622,3
dropout_0.2,22.912436,21.991745,9
dropout_0.2,-19.748774,-30.506706,4
dropout_0.2,-15.792104,-19.39671,4
dropout_0.2,-17.520424,-17.887667,2
dropout_0.2,-9.13393,47.10199,1
dropout_0.2,-35.01138,5.488416,0
dropout_0.2,22.1664,-42.7402,8
dropout_0.2,-8.079667,0.7957283,3
dropout_0.2,29.338127,34.03116,9
dropout_0.2,-33.718254,3.068461,6
dropout_0.2,56.87643,1.3114477,5
dropout_0.2,46.829998,-1.3694936,5
dropout_0.2,-32.481995,13.226383,0
dropout_0.2,-13.1125145,39.267323,1
dropout_0.2,-17.828161,4.607216,0
dropout_0.2,29.965712,10.6744,7
dropout_0.2,-25.94819,-31.766472,4
dropout_0.2,25.435179,-1.1614976,7
dropout_0.2,26.215765,12.510915,7
dropout_0.2,-32.331367,4.114222,6
dropout_0.2,-8.599103,-21.656662,2
dropout_0.2,16.152538,-33.39842,8
dropout_0.2,-2.319737,-8.39919,4
dropout_0.2,-30.150793,-16.042583,6
dropout_0.2,16.502655,-40.044353,8
dropout_0.2,40.769466,3.9689977,5
dropout_0.2,19.138222,-25.288738,8
dropout_0.2,-33.783222,-15.893044,6
dropout_0.2,-25.38559,-31.585289,4
dropout_0.2,-13.393768,-33.76348,2
dropout_0.2,-26.55064,-21.176764,2
dropout_0.2,-10.273973,5.206626,3
dropout_0.2,27.645739,25.53875,9
dropout_0.2,-12.65116,44.580475,1
dropout_0.2,26.476105,6.5650973,7
dropout_0.2,-39.146587,10.113319,0
dropout_0.2,-29.511005,-16.199242,6
dropout_0.2,23.18528,24.562618,9
dropout_0.2,31.393518,12.747296,7
dropout_0.2,57.731094,-0.9945713,5
dropout_0.2,-10.981035,13.958312,3
dropout_0.2,-5.1429696,8.388028,3
dropout_0.2,21.117462,-2.2274797,7
dropout_0.2,-16.182617,-3.998938,6
dropout_0.2,-13.454221,-33.667854,2
